ack_count_flag,active_max,active_mean,active_min,active_stddev,average_backward_segment_size,average_forward_segment_size,average_packet_size,backward_bytes_init_win,backward_bytes_subflow,backward_flags_psh,backward_flags_urg,backward_header_length,backward_iat_max,backward_iat_mean,backward_iat_min,backward_iat_stddev,backward_iat_total,backward_length_max_packet,backward_length_mean_packet,backward_length_min_packet,backward_length_packet_stddev,backward_length_packets_total,backward_packets_persec,backward_packets_subflow,backward_packets_total,bytes_flow_persec,bytes_forward_init_win,bytes_forward_subflow,count_cwe_flag,count_ece_flag,count_fin_flag,count_flag_psh,count_flag_rst,count_flag_syn,count_flag_urg,destination_port,down_ratio_up,duration_flow,flags_forward_psh,flags_forward_urg,flow_iat_max,flow_iat_mean,flow_iat_min,flow_iat_stddev,flow_packets_persec,forward_header_length,forward_iat_max,forward_iat_mean,forward_iat_min,forward_iat_stddev,forward_iat_total,forward_length_max_packet,forward_length_mean_packet,forward_length_min_packet,forward_length_packet_stddev,forward_length_packets_total,forward_min_segment_size,forward_packets_persec,forward_packets_subflow,forward_packets_total,idle_max,idle_mean,idle_min,idle_stddev,length_max_packet,length_mean_packet,length_min_packet,length_packet_stddev,length_packet_variance
1,0.0,0.0,0.0,0.0,0.0,0.0,0.0,229,0,0,0,32,0.0,0.0,0.0,0.0,0.0,0.0,0.0,0.0,0.0,0.0,15625.0,1,1,0.0,283,0,0,0,0,0,0,0,1,39332,1.0,64,0,0,64.0,64.0,64.0,0.0,31250.0,32,0.0,0.0,0.0,0.0,0.0,0.0,0.0,0.0,0.0,0.0,32,15625.0,1,1,0.0,0.0,0.0,0.0,0.0,0.0,0.0,0.0,0.0
0,0.0,0.0,0.0,0.0,143.91666666666666,148.4,145.95454545454547,64000,1727,0,0,252,3724538.0,901802.6363636364,104389.0,1180109.9468582808,9919829.0,1175.0,143.91666666666669,0.0,339.4376253675357,1727.0,1.209685101830788,12,12,323.691571831555,8192,1484,0,1,0,1,1,0,0,3389,1.0,9919937,0,0,3724538.0,472377.9523809524,9.0,951258.7461516702,2.2177560200231112,212,3881638.0,1102215.2222222222,29.0,1375874.47453245,9919937.0,773.0,148.40000000000003,0.0,229.2132437515579,1484.0,20,1.0080709181923233,10,10,0.0,0.0,0.0,0.0,1175.0,139.6086956521739,0.0,282.901482873204,80033.24901185771
0,0.0,0.0,0.0,0.0,706.8571429,42.66666667,333.25,946,4948,0,0,152,33027.0,10711.83333,49.0,15897.53017,64271.0,1460.0,706.8571429,0.0,654.7344063,4948.0,1.373352027,7,7,1046.101858,8192,384,0,0,0,1,0,0,0,443,0.0,5097018,0,0,4944517.0,339801.2,20.0,1273977.403,3.139090347,192,4944517.0,637127.25,49.0,1740685.033,5097018.0,197.0,42.66666667,0.0,70.21573898,384.0,20,1.76573832,9,9,0.0,0.0,0.0,0.0,1460.0,313.6470588,0.0,527.5563881,278315.7426
0,0.0,0.0,0.0,0.0,137.0,33.0,93.25,-1,274,0,0,16,1.0,1.0,1.0,0.0,1.0,137.0,137.0,137.0,0.0,274.0,18.60136347994308,2,2,3162.231791590324,-1,66,0,0,0,0,0,0,0,53,1.0,107519,0,0,83401.0,35839.66666666667,1.0,42918.01119965059,37.20272695988616,16,24117.0,24117.0,24117.0,0.0,24117.0,33.0,33.0,33.0,0.0,66.0,8,18.60136347994308,2,2,0.0,0.0,0.0,0.0,137.0,74.6,33.0,56.96314598053728,3244.8
0,0.0,0.0,0.0,0.0,119.0,33.0,67.16666667,-1,238,0,0,40,3.0,3.0,3.0,0.0,3.0,119.0,119.0,119.0,0.0,238.0,32.10736704,2,2,5939.862902,-1,132,0,0,0,0,0,0,0,53,0.0,62291,0,0,32342.0,12458.2,3.0,17076.1153,96.32210111,80,32342.0,10782.66667,3.0,18670.93036,32348.0,33.0,33.0,33.0,0.0,132.0,20,64.21473407,4,4,0.0,0.0,0.0,0.0,119.0,57.57142857,33.0,41.96370314,1760.952381
0,0.0,0.0,0.0,0.0,200.0,39.0,129.25,-1,400,0,0,16,35.0,35.0,35.0,0.0,35.0,200.0,200.0,200.0,0.0,400.0,6.320852809461052,2,2,1510.6838214611917,-1,78,0,0,0,0,0,0,0,53,1.0,316413,0,0,292652.0,105471.0,35.0,162535.7220459552,12.641705618922105,16,23726.0,23726.0,23726.0,0.0,23726.0,39.0,39.0,39.0,0.0,78.0,8,6.320852809461052,2,2,0.0,0.0,0.0,0.0,200.0,103.4,39.0,88.18333175833175,7776.299999999999
0,0.0,0.0,0.0,0.0,139.0,42.0,101.0,-1,278,0,0,16,0.0,0.0,0.0,0.0,0.0,139.0,139.0,139.0,0.0,278.0,50.2222333827,2,2,9090.2242422721,-1,84,0,0,0,0,0,0,0,53,1.0,39823,0,0,29395.0,13274.3333333333,0.0,14902.7754573882,100.4444667654,16,29395.0,29395.0,29395.0,0.0,29395.0,42.0,42.0,42.0,0.0,84.0,8,50.2222333827,2,2,0.0,0.0,0.0,0.0,139.0,80.8,42.0,53.129088078,2822.7
1,0.0,0.0,0.0,0.0,0.0,15.5,31.0,-1,0,0,0,0,0.0,0.0,0.0,0.0,0.0,0.0,0.0,0.0,0.0,0.0,0.0,0,0,31000000.0,946,31,0,0,0,0,0,1,0,53361,0.0,1,1,0,1.0,1.0,1.0,0.0,2000000.0,40,1.0,1.0,1.0,0.0,1.0,31.0,15.5,0.0,21.920310216782973,31.0,20,2000000.0,2,2,0.0,0.0,0.0,0.0,31.0,20.666666666666664,0.0,17.8978583448784,320.33333333333337
0,0.0,0.0,0.0,0.0,638.8571428571429,56.888888888888886,311.5,172,4472,0,0,152,56517.0,12668.166666666668,1.0,22032.40133454968,76009.0,1430.0,638.8571428571428,0.0,695.6206889225929,4472.0,58.87399283419401,7,7,41918.28289794614,8192,512,0,1,0,1,1,0,0,443,0.0,118898,0,0,44822.0,7926.533333333332,1.0,13178.402102719148,134.56912647815776,192,44855.0,14862.249999999998,14.0,15993.060993086076,118898.0,194.0,56.888888888888886,0.0,83.48269947187329,512.0,20,75.69513364396373,9,9,0.0,0.0,0.0,0.0,1430.0,293.1764705882353,0.0,523.4494048251127,273999.2794117647
0,0.0,0.0,0.0,0.0,214.75,145.33333333333334,185.0,31,859,0,0,92,23568.0,8007.666666666666,39.0,13476.962281364942,24023.0,859.0,214.75,0.0,429.5,859.0,84.8662296055842,4,4,27475.441834807883,8192,436,0,1,0,1,1,0,0,80,1.0,47133,0,0,23301.0,7855.499999999999,15.0,11891.120430808864,148.51590180977234,72,23125.0,11688.5,252.0,16173.653406079902,23377.0,436.0,145.33333333333334,0.0,251.72471736667683,436.0,20,63.64967220418815,3,3,0.0,0.0,0.0,0.0,859.0,161.875,0.0,320.34554446276115,102621.26785714288
0,0.0,0.0,0.0,0.0,34.0,57.2,45.6,0,170,0,0,112,350879.0,246235.0,150736.0,110462.20818904536,984940.0,131.0,34.0,0.0,56.79348554191757,170.0,5.076245202948283,5,5,462.95356250888346,8192,286,0,0,0,1,0,0,0,445,1.0,984980,0,0,200281.0,109442.2222222222,40.0,83813.72360893199,10.152490405896566,112,501811.0,246230.75,50.0,217955.25425244973,984923.0,103.0,57.2,0.0,52.48523601928451,286.0,20,5.076245202948283,5,5,0.0,0.0,0.0,0.0,131.0,41.45454545454545,0.0,52.11211689494802,2715.672727272728
0,0.0,0.0,0.0,0.0,241.0,6.666666667,140.5714286,211,964,0,0,92,893280.0,298393.6667,26.0,515187.5065,895181.0,964.0,241.0,0.0,482.0,964.0,4.468355109,4,4,1099.215357,8192,20,0,1,0,1,1,0,0,80,1.0,895184,0,0,893280.0,149197.3333,3.0,364525.0778,7.819621441,72,1575.0,937.0,299.0,902.2682528,1874.0,20.0,6.666666667,0.0,11.54700538,20.0,20,3.351266332,3,3,0.0,0.0,0.0,0.0,964.0,123.0,0.0,339.8873763,115523.4286
1,0.0,0.0,0.0,0.0,0.0,15.333333333333334,15.333333333333334,-1,0,0,0,0,0.0,0.0,0.0,0.0,0.0,0.0,0.0,0.0,0.0,0.0,0.0,0,0,148867.3139158576,254,46,0,0,0,0,0,0,0,443,0.0,309,0,0,162.0,154.5,147.0,10.606601717798211,9708.737864077671,60,162.0,154.5,147.0,10.606601717798211,309.0,46.0,15.333333333333332,0.0,26.558112382722783,46.0,20,9708.737864077671,3,3,0.0,0.0,0.0,0.0,46.0,11.5,0.0,23.0,529.0
0,0.0,0.0,0.0,0.0,138.0,48.0,117.0,-1,138,0,0,8,0.0,0.0,0.0,0.0,0.0,138.0,138.0,138.0,0.0,138.0,964.3201542912248,1,1,179363.5486981678,-1,48,0,0,0,0,0,0,0,53,1.0,1037,0,0,1037.0,1037.0,1037.0,0.0,1928.6403085824493,8,0.0,0.0,0.0,0.0,0.0,48.0,48.0,48.0,0.0,48.0,8,964.3201542912248,1,1,0.0,0.0,0.0,0.0,138.0,78.0,48.0,51.96152422706632,2700.0
1,0.0,0.0,0.0,0.0,0.0,0.0,0.0,-1,0,0,0,0,0.0,0.0,0.0,0.0,0.0,0.0,0.0,0.0,0.0,0.0,0.0,0,0,0.0,225,0,0,0,0,0,0,0,0,80,0.0,36430,0,0,36430.0,36430.0,36430.0,0.0,54.89980785,64,36430.0,36430.0,36430.0,0.0,36430.0,0.0,0.0,0.0,0.0,0.0,32,54.89980785,2,2,0.0,0.0,0.0,0.0,0.0,0.0,0.0,0.0,0.0
0,6481156.0,6481156.0,6481156.0,0.0,1447.4024886878,5.3212094654,956.3804834378,252,6397519,0,0,88412,58291045.0,14628.5614392396,0.0,878282.481752374,64643613.0,1460.0,1447.4024886878,0.0,129.166749204,6397519.0,68.276492484,4420,4420,99011.1401284488,8192,12143,0,0,0,1,0,0,0,443,1.0,64736776,0,0,58162218.0,9660.7634681391,0.0,711631.251553127,103.5269349836,45652,58162218.0,28380.8750548005,29.0,1219696.8541957,64736776.0,644.0,5.3212094654,0.0,29.6279098831,12143.0,20,35.2504424996,2282,2282,58162218.0,58162218.0,58162218.0,0.0,1460.0,956.2378039684,0.0,691.6841519947,478426.966120634
1,0.0,0.0,0.0,0.0,0.0,0.0,0.0,-1,0,0,0,0,0.0,0.0,0.0,0.0,0.0,0.0,0.0,0.0,0.0,0.0,0.0,0,0,0.0,122,0,0,0,0,0,0,0,0,54089,0.0,1,0,0,1.0,1.0,1.0,0.0,2000000.0,40,1.0,1.0,1.0,0.0,1.0,0.0,0.0,0.0,0.0,0.0,20,2000000.0,2,2,0.0,0.0,0.0,0.0,0.0,0.0,0.0,0.0,0.0
0,0.0,0.0,0.0,0.0,206.0,78.0,161.5,-1,412,0,0,40,48.0,48.0,48.0,0.0,48.0,206.0,206.0,206.0,0.0,412.0,8620.689655,2,2,2448275.862,-1,156,0,0,0,0,0,0,0,53,1.0,232,0,0,181.0,77.33333333,3.0,92.55448846,17241.37931,40,3.0,3.0,3.0,0.0,3.0,78.0,78.0,78.0,0.0,156.0,20,8620.689655,2,2,0.0,0.0,0.0,0.0,206.0,129.2,78.0,70.10848736,4915.2
1,0.0,0.0,0.0,0.0,0.0,0.0,0.0,257,0,0,0,20,0.0,0.0,0.0,0.0,0.0,0.0,0.0,0.0,0.0,0.0,20833.33333333333,1,1,0.0,172,0,0,0,0,0,0,0,1,50459,1.0,48,0,0,48.0,48.0,48.0,0.0,41666.66666666666,20,0.0,0.0,0.0,0.0,0.0,0.0,0.0,0.0,0.0,0.0,20,20833.33333333333,1,1,0.0,0.0,0.0,0.0,0.0,0.0,0.0,0.0,0.0
0,0.0,0.0,0.0,0.0,118.0,28.0,80.0,-1,236,0,0,16,174637.0,174637.0,174637.0,0.0,174637.0,118.0,118.0,118.0,0.0,236.0,11.382456220227764,2,2,1661.8386081532533,-1,56,0,0,0,0,0,0,0,53,1.0,175709,0,0,174224.0,58569.66666666667,413.0,100160.13270924382,22.764912440455525,16,175296.0,175296.0,175296.0,0.0,175296.0,28.0,28.0,28.0,0.0,56.0,8,11.382456220227764,2,2,0.0,0.0,0.0,0.0,118.0,64.0,28.0,49.29503017546495,2430.0
1,0.0,0.0,0.0,0.0,0.0,0.0,0.0,251,0,0,0,20,0.0,0.0,0.0,0.0,0.0,0.0,0.0,0.0,0.0,0.0,38461.5384615385,1,1,0.0,124,0,0,0,0,0,0,0,1,52194,1.0,26,0,0,26.0,26.0,26.0,0.0,76923.0769230769,20,0.0,0.0,0.0,0.0,0.0,0.0,0.0,0.0,0.0,0.0,20,38461.5384615385,1,1,0.0,0.0,0.0,0.0,0.0,0.0,0.0,0.0,0.0
0,63452.0,37720.0,31244.0,14384.653002418932,177.2,48.44444444444444,116.21052631578948,946,1772,0,0,272,10046821.0,6383526.777777777,1.0,4866582.471500374,57451741.0,1460.0,177.19999999999996,0.0,461.2718648837509,1772.0,0.1739640134214628,10,10,38.411254163458985,8192,436,0,1,0,1,1,0,0,80,1.0,57483153,0,0,10015501.0,3193508.5,1.0,4662156.070308751,0.3305316255007793,192,10046783.0,6280776.625,266.0,5183485.085510739,50246213.0,431.0,48.44444444444444,0.0,143.45915020582612,436.0,20,0.1565676120793165,9,9,10015501.0,10011522.6,9999859.0,6736.31793341151,1460.0,110.4,0.0,338.0241972030062,114260.35789473684
1,0.0,0.0,0.0,0.0,77.0,187.0,138.1111111,225,308,0,0,136,103053.0,34729.66667,360.0,59170.10793,104189.0,308.0,77.0,0.0,154.0,308.0,0.884902501,4,4,274.9834523,237,935,0,0,0,0,0,0,0,39292,0.0,4520272,0,0,4404274.0,565034.0,6.0,1551694.093,1.991030628,168,4404281.0,1130068.0,482.0,2183293.918,4520272.0,935.0,187.0,0.0,418.1447118,935.0,32,1.106128127,5,5,0.0,0.0,0.0,0.0,935.0,124.3,0.0,300.8477097,90509.34444
1,0.0,0.0,0.0,0.0,0.0,0.0,0.0,123,0,0,0,20,0.0,0.0,0.0,0.0,0.0,0.0,0.0,0.0,0.0,0.0,48.7757291971515,1,1,0.0,256,0,0,0,0,0,0,0,1,80,1.0,20502,0,0,20502.0,20502.0,20502.0,0.0,97.551458394303,20,0.0,0.0,0.0,0.0,0.0,0.0,0.0,0.0,0.0,0.0,20,48.7757291971515,1,1,0.0,0.0,0.0,0.0,0.0,0.0,0.0,0.0,0.0
0,252920.0,50594.71428571428,16767.0,89217.09054457053,304.55555555555554,52.07142857142857,194.09375,7300,5482,0,0,372,10076672.0,4421254.882352941,1.0,4965431.701469205,75161333.0,1400.0,304.5555555555556,0.0,533.6780503617405,5482.0,0.2394311817453197,18,18,82.6170594344545,8192,729,0,0,0,1,0,0,0,443,1.0,75178178,0,0,10006689.0,2425102.516129032,1.0,4245610.427712446,0.4256554342139018,292,10023569.0,5411485.23076923,300.0,5174088.610457951,70349308.0,341.0,52.07142857142858,0.0,107.79358071775908,729.0,20,0.186224252468582,14,14,10006689.0,9999306.42857143,9991813.0,5275.237683654283,1400.0,188.2121212121212,0.0,415.7602041423456,172856.54734848486
0,0.0,0.0,0.0,0.0,233.75,113.0,182.0,219,935,0,0,92,5731.0,2084.666667,22.0,3166.886536,6254.0,935.0,233.75,0.0,467.5,935.0,638.9776358,4,4,203514.377,65535,339,0,1,0,1,1,0,0,80,1.0,6260,0,0,5406.0,1043.333333,3.0,2147.034389,1118.210863,72,5406.0,2867.0,328.0,3590.688235,5734.0,339.0,113.0,0.0,195.7217413,339.0,20,479.2332268,3,3,0.0,0.0,0.0,0.0,935.0,159.25,0.0,335.1463433,112323.0714
1,0.0,0.0,0.0,0.0,0.0,0.0,0.0,254,0,0,0,20,0.0,0.0,0.0,0.0,0.0,0.0,0.0,0.0,0.0,0.0,23809.52380952381,1,1,0.0,946,0,0,0,0,0,0,0,1,50512,1.0,42,0,0,42.0,42.0,42.0,0.0,47619.04761904762,20,0.0,0.0,0.0,0.0,0.0,0.0,0.0,0.0,0.0,0.0,20,23809.52380952381,1,1,0.0,0.0,0.0,0.0,0.0,0.0,0.0,0.0,0.0
1,0.0,0.0,0.0,0.0,0.0,0.0,0.0,-1,0,0,0,0,0.0,0.0,0.0,0.0,0.0,0.0,0.0,0.0,0.0,0.0,0.0,0,0,0.0,63328,0,0,0,0,0,0,0,0,35193,0.0,88207872,0,0,88207872.0,88207872.0,88207872.0,0.0,0.0226737133,40,88207872.0,88207872.0,88207872.0,0.0,88207872.0,0.0,0.0,0.0,0.0,0.0,20,0.0226737133,2,2,88207872.0,88207872.0,88207872.0,0.0,0.0,0.0,0.0,0.0,0.0
0,0.0,0.0,0.0,0.0,57.75,24.25,41.0,141,231,0,0,92,6005661.0,2002082.0,205.0,3467201.121161996,6006246.0,231.0,57.75,0.0,115.5,231.0,0.6659502152267852,4,4,54.607917648596384,8192,97,0,0,0,1,0,0,0,80,1.0,6006455,0,0,5944432.0,858064.9999999999,45.0,2242992.499998532,1.3319004304535704,92,61640.0,20674.33333333333,129.0,35477.36306905198,62023.0,97.0,24.25,0.0,48.5,97.0,20,0.6659502152267852,4,4,0.0,0.0,0.0,0.0,231.0,36.44444444444444,0.0,79.6996096463325,6352.027777777778
0,0.0,0.0,0.0,0.0,126.0,34.0,97.0,-1,126,0,0,8,0.0,0.0,0.0,0.0,0.0,126.0,126.0,126.0,0.0,126.0,55.017605633802816,1,1,8802.81690140845,-1,34,0,0,0,0,0,0,0,53,1.0,18176,0,0,18176.0,18176.0,18176.0,0.0,110.03521126760565,8,0.0,0.0,0.0,0.0,0.0,34.0,34.0,34.0,0.0,34.0,8,55.017605633802816,1,1,0.0,0.0,0.0,0.0,126.0,64.66666666666667,34.0,53.11622476544557,2821.333333333333
0,0.0,0.0,0.0,0.0,429.125,159.4285714,303.2666667,246,3433,0,0,172,5000066.0,854773.5714,4.0,1838971.144,5983415.0,1805.0,429.125,0.0,749.8732155,3433.0,1.319079579,8,8,750.0616257,8192,1116,0,0,0,1,0,0,0,443,1.0,6064835,0,0,4999826.0,433202.5,4.0,1319084.904,2.473274211,152,396280.0,177500.8333,54424.0,142153.6647,1065005.0,548.0,159.4285714,0.0,255.6924306,1116.0,20,1.154194632,7,7,0.0,0.0,0.0,0.0,1805.0,284.3125,0.0,558.9401541,312414.0958
0,0.0,0.0,0.0,0.0,6.0,0.0,3.0,0,6,0,0,20,0.0,0.0,0.0,0.0,0.0,6.0,6.0,6.0,0.0,6.0,19230.76923,1,1,115384.6154,29200,0,0,0,0,1,0,0,0,10778,1.0,52,0,0,52.0,52.0,52.0,0.0,38461.53846,40,0.0,0.0,0.0,0.0,0.0,0.0,0.0,0.0,0.0,0.0,40,19230.76923,1,1,0.0,0.0,0.0,0.0,6.0,2.0,0.0,3.464101615,12.0
0,0.0,0.0,0.0,0.0,167.0,187.0,181.2857143,32768,334,0,0,40,7306.0,7306.0,7306.0,0.0,7306.0,334.0,167.0,0.0,236.1736649,334.0,234.082397,2,2,148525.2809,65535,935,0,1,0,1,1,0,0,56681,0.0,8544,0,0,7306.0,1424.0,3.0,2888.720409,819.2883895,124,7646.0,2136.0,5.0,3679.234612,8544.0,935.0,187.0,0.0,418.1447118,935.0,20,585.2059925,5,5,0.0,0.0,0.0,0.0,935.0,158.625,0.0,334.7676966,112069.4107
1,0.0,0.0,0.0,0.0,0.0,18.6,23.33333333333333,0,0,0,0,20,0.0,0.0,0.0,0.0,0.0,0.0,0.0,0.0,0.0,0.0,17.93882859449278,1,1,1668.3110592878284,256,93,0,0,0,0,0,1,0,3389,0.0,55745,1,0,32771.0,11149.0,26.0,13781.600795988832,107.63297156695668,100,32797.0,13936.25,380.0,14213.361351793834,55745.0,47.0,18.6,0.0,21.961329650091773,93.0,20,89.6941429724639,5,5,0.0,0.0,0.0,0.0,47.0,20.0,0.0,22.612680808195503,511.3333333333333
0,1689496.0,883718.0,77940.0,1139542.1758618678,321.15384615384613,125.46666666666668,216.32142857142856,70,4175,0,0,272,58700633.0,9864606.25,2.0,22666410.79553289,118375275.0,1460.0,321.1538461538461,0.0,530.6016783102377,4175.0,0.1097483387858277,13,13,51.13428369428915,8192,1882,0,1,0,1,1,0,0,443,0.0,118452818,0,0,58624043.0,4387141.407407408,2.0,15543202.116668353,0.2363810373848598,312,58624043.0,8460915.57142857,187.0,21120218.692615934,118452818.0,1219.0,125.46666666666668,0.0,310.64515049137583,1882.0,20,0.126632698599032,15,15,58624043.0,58303755.0,57983467.0,452955.63346535387,1460.0,208.86206896551727,0.0,424.320105255617,180047.5517241379
0,205376.0,186059.0,166742.0,27318.36338,520.0909091,608.1428571,554.3333333,75,5721,0,0,232,9999787.0,1617749.7,2.0,3469346.442,16200000.0,2745.0,520.0909091,0.0,914.6995632,5721.0,0.678608071,11,11,615.5592122,8192,4257,0,0,0,1,0,0,0,80,1.0,16209651,0,0,9996888.0,953508.8824,2.0,2722633.682,1.110449571,152,9996888.0,2701145.667,10914.0,4249704.543,16200000.0,2128.0,608.1428571,0.0,1038.260152,4257.0,20,0.4318415,7,7,9996888.0,7917378.0,5837868.0,2940871.245,2745.0,525.1578947,0.0,917.69447,842163.1404
0,0.0,0.0,0.0,0.0,124.0,187.0,169.0,32768,248,0,0,40,235.0,235.0,235.0,0.0,235.0,248.0,124.0,0.0,175.3624817,248.0,2412.545235,2,2,1427020.507,65535,935,0,1,0,1,1,0,0,56362,0.0,829,0,0,347.0,138.1666667,5.0,144.9750553,8443.908323,124,591.0,207.25,5.0,271.652198,829.0,935.0,187.0,0.0,418.1447118,935.0,20,6031.363088,5,5,0.0,0.0,0.0,0.0,935.0,147.875,0.0,329.6736211,108684.6964
1,0.0,0.0,0.0,0.0,0.0,0.0,0.0,251,0,0,0,20,0.0,0.0,0.0,0.0,0.0,0.0,0.0,0.0,0.0,0.0,30303.0303030303,1,1,0.0,124,0,0,0,0,0,0,0,1,50962,1.0,33,0,0,33.0,33.0,33.0,0.0,60606.0606060606,20,0.0,0.0,0.0,0.0,0.0,0.0,0.0,0.0,0.0,0.0,20,30303.0303030303,1,1,0.0,0.0,0.0,0.0,0.0,0.0,0.0,0.0,0.0
1,0.0,0.0,0.0,0.0,0.0,0.0,0.0,33304,0,0,0,32,0.0,0.0,0.0,0.0,0.0,0.0,0.0,0.0,0.0,0.0,7352.9411764706,1,1,0.0,114,0,0,0,0,0,0,0,0,56736,1.0,136,0,0,136.0,136.0,136.0,0.0,14705.8823529412,32,0.0,0.0,0.0,0.0,0.0,0.0,0.0,0.0,0.0,0.0,32,7352.9411764706,1,1,0.0,0.0,0.0,0.0,0.0,0.0,0.0,0.0,0.0
0,0.0,0.0,0.0,0.0,93.0,65.0,111.5,-1,93,0,0,20,0.0,0.0,0.0,0.0,0.0,93.0,93.0,93.0,0.0,93.0,20.78829203,1,1,3284.550141,-1,65,0,0,0,0,0,0,0,53,1.0,48104,0,0,48104.0,48104.0,48104.0,0.0,41.57658407,20,0.0,0.0,0.0,0.0,0.0,65.0,65.0,65.0,0.0,65.0,20,20.78829203,1,1,0.0,0.0,0.0,0.0,93.0,74.33333333,65.0,16.16580754,261.3333333
0,0.0,0.0,0.0,0.0,204.0,34.0,136.0,-1,204,0,0,8,0.0,0.0,0.0,0.0,0.0,204.0,204.0,204.0,0.0,204.0,3194.8881789137376,1,1,760383.3865814696,-1,34,0,0,0,0,0,0,0,53,1.0,313,0,0,313.0,313.0,313.0,0.0,6389.776357827475,8,0.0,0.0,0.0,0.0,0.0,34.0,34.0,34.0,0.0,34.0,8,3194.8881789137376,1,1,0.0,0.0,0.0,0.0,204.0,90.66666666666666,34.0,98.14954576223636,9633.333333333332
0,0.0,0.0,0.0,0.0,163.0,45.0,115.25,-1,326,0,0,16,1.0,1.0,1.0,0.0,1.0,163.0,163.0,163.0,0.0,326.0,33.6706005152,2,2,7003.4849071533,-1,90,0,0,0,0,0,0,0,53,1.0,59399,0,0,54780.0,19799.6666666667,1.0,30381.6879441109,67.3412010303,16,54780.0,54780.0,54780.0,0.0,54780.0,45.0,45.0,45.0,0.0,90.0,8,33.6706005152,2,2,0.0,0.0,0.0,0.0,163.0,92.2,45.0,64.6312617856,4177.2
0,0.0,0.0,0.0,0.0,177.77777777777777,130.11111111111111,153.94444444444446,62872,1600,0,0,204,953153.0,316504.75,48803.0,305986.28364998417,2532038.0,1173.0,177.77777777777777,0.0,384.52983557123946,1600.0,3.326908702971373,9,9,1024.3182239926307,8192,1171,0,1,0,1,1,0,0,3389,1.0,2705214,0,0,953153.0,159130.23529411765,4.0,254108.3478738768,6.653817405942747,192,1186688.0,338151.75,4.0,409998.57211624185,2705214.0,661.0,130.11111111111111,0.0,210.7916296040028,1171.0,20,3.326908702971373,9,9,0.0,0.0,0.0,0.0,1173.0,145.8421052631579,0.0,295.4325008747335,87280.36257309938
1,0.0,0.0,0.0,0.0,0.0,0.0,0.0,-1,0,0,0,0,0.0,0.0,0.0,0.0,0.0,0.0,0.0,0.0,0.0,0.0,0.0,0,0,0.0,184,0,0,0,0,0,0,0,0,50503,0.0,1,0,0,1.0,1.0,1.0,0.0,2000000.0,40,1.0,1.0,1.0,0.0,1.0,0.0,0.0,0.0,0.0,0.0,20,2000000.0,2,2,0.0,0.0,0.0,0.0,0.0,0.0,0.0,0.0,0.0
0,0.0,0.0,0.0,0.0,158.1,143.5,151.61111111111111,62852,1581,0,0,212,1094110.0,393314.8888888889,48855.0,318296.5259645652,3539834.0,1173.0,158.1,0.0,367.73071367208064,1581.0,2.66788393317591,10,10,728.0655253637059,8192,1148,0,0,0,1,0,0,0,3389,1.0,3748289,0,0,1094110.0,220487.58823529413,72.0,268602.22583544865,4.802191079716638,172,1425554.0,535469.8571428572,1636.0,485025.08550123073,3748289.0,677.0,143.5,0.0,228.12966237897004,1148.0,20,2.134307146540728,8,8,0.0,0.0,0.0,0.0,1173.0,143.6315789473684,0.0,298.5202785827894,89114.3567251462
1,0.0,0.0,0.0,0.0,0.0,0.0,0.0,-1,0,0,0,0,0.0,0.0,0.0,0.0,0.0,0.0,0.0,0.0,0.0,0.0,0.0,0,0,0.0,64000,0,0,0,0,0,0,0,0,37760,0.0,88454980,0,0,88454980.0,88454980.0,88454980.0,0.0,0.0226103719654902,40,88454980.0,88454980.0,88454980.0,0.0,88454980.0,0.0,0.0,0.0,0.0,0.0,20,0.0226103719654902,2,2,88454980.0,88454980.0,88454980.0,0.0,0.0,0.0,0.0,0.0,0.0
0,0.0,0.0,0.0,0.0,0.0,50.0,66.6666666667,-1,0,0,0,0,0.0,0.0,0.0,0.0,0.0,0.0,0.0,0.0,0.0,0.0,0.0,0,0,98.573833773,-1,150,0,0,0,0,0,0,0,137,0.0,1521702,0,0,765555.0,760851.0,756147.0,6652.460597403,1.9714766755,24,765555.0,760851.0,756147.0,6652.460597403,1521702.0,50.0,50.0,50.0,0.0,150.0,8,1.9714766755,3,3,0.0,0.0,0.0,0.0,50.0,50.0,50.0,0.0,0.0
0,0.0,0.0,0.0,0.0,204.14285714285717,131.5,165.4,62948,1429,0,0,152,953161.0,232975.6666666667,33653.0,358264.4863201859,1397854.0,1149.0,204.1428571428571,0.0,420.4990798925441,1429.0,4.88422298292057,7,7,1731.108174375133,8192,1052,0,0,0,1,0,0,0,3389,0.0,1433186,0,0,953161.0,102370.42857142858,80.0,250753.80283233811,10.466192106258363,172,1041260.0,204740.85714285716,254.0,374935.3376976838,1433186.0,581.0,131.5,0.0,196.37209577737872,1052.0,20,5.581969123337794,8,8,0.0,0.0,0.0,0.0,1149.0,155.06249999999997,0.0,302.89700532249134,91746.59583333335
0,0.0,0.0,0.0,0.0,32.25,108.6666667,65.0,219,129,0,0,92,10882.0,3752.333333,1.0,6177.288429,11257.0,112.0,32.25,0.0,53.7672453,129.0,340.0493071,4,4,38680.60869,8192,326,0,1,0,1,1,0,0,8080,1.0,11763,0,0,10882.0,1960.5,1.0,4375.048194,595.0862875,72,529.0,290.5,52.0,337.2899346,581.0,326.0,108.6666667,0.0,188.2161878,326.0,20,255.0369804,3,3,0.0,0.0,0.0,0.0,326.0,56.875,0.0,115.4066568,13318.69643
0,0.0,0.0,0.0,0.0,225.8571428571429,143.5,181.9333333333333,62852,1581,0,0,152,953216.0,322698.8333333333,184800.0,309526.61086143577,1936193.0,1173.0,225.8571428571429,0.0,430.0986044197418,1581.0,3.299252059558098,7,7,1286.2369815048642,8192,1148,0,1,0,1,1,0,0,3389,0.0,2121693,0,0,953216.0,151549.50000000003,4.0,247307.78386386036,7.06982584191021,172,1190526.0,303099.0,4.0,397428.18525447673,2121693.0,677.0,143.5,0.0,228.12966237897004,1148.0,20,3.770573782352112,8,8,0.0,0.0,0.0,0.0,1173.0,170.56250000000003,0.0,319.4332415909987,102037.59583333335
1,0.0,0.0,0.0,0.0,15.5,32.0,39.75,292,31,0,0,40,76.0,76.0,76.0,0.0,76.0,31.0,15.5,0.0,21.920310216782973,31.0,25974.02597402597,2,2,1233766.2337662338,292,64,0,0,0,0,0,1,0,443,1.0,77,1,0,48.0,25.666666666666668,1.0,23.58671942711265,51948.05194805195,40,49.0,49.0,49.0,0.0,49.0,64.0,32.0,0.0,45.254833995939045,64.0,20,25974.02597402597,2,2,0.0,0.0,0.0,0.0,64.0,31.8,0.0,32.00312484742701,1024.2
0,0.0,0.0,0.0,0.0,114.0,37.0,94.0,-1,114,0,0,8,0.0,0.0,0.0,0.0,0.0,114.0,114.0,114.0,0.0,114.0,80.36647110825365,1,1,12135.3371373463,-1,37,0,0,0,0,0,0,0,53,1.0,12443,0,0,12443.0,12443.0,12443.0,0.0,160.7329422165073,8,0.0,0.0,0.0,0.0,0.0,37.0,37.0,37.0,0.0,37.0,8,80.36647110825365,1,1,0.0,0.0,0.0,0.0,114.0,62.66666666666667,37.0,44.45597072760118,1976.3333333333333
0,0.0,0.0,0.0,0.0,225.8571428571429,141.5,180.86666666666667,62868,1581,0,0,152,953164.0,249171.0,94692.0,345697.64653118484,1495026.0,1173.0,225.8571428571429,0.0,430.0986044197418,1581.0,4.396289029625963,7,7,1703.876019625034,8192,1132,0,0,0,1,0,0,0,3389,0.0,1592252,0,0,953164.0,113732.28571428572,3.0,245855.2620529869,9.420619349198494,172,1111471.0,227464.57142857145,3.0,391457.6599973733,1592252.0,661.0,141.5,0.0,222.79202345300808,1132.0,20,5.02433031957253,8,8,0.0,0.0,0.0,0.0,1173.0,169.56250000000003,0.0,317.7627980637969,100973.19583333336
1,0.0,0.0,0.0,0.0,0.0,0.0,0.0,258,0,0,0,20,0.0,0.0,0.0,0.0,0.0,0.0,0.0,0.0,0.0,0.0,35714.28571428572,1,1,0.0,168,0,0,0,0,0,0,0,1,51315,1.0,28,0,0,28.0,28.0,28.0,0.0,71428.57142857143,20,0.0,0.0,0.0,0.0,0.0,0.0,0.0,0.0,0.0,0.0,20,35714.28571428572,1,1,0.0,0.0,0.0,0.0,0.0,0.0,0.0,0.0,0.0
1,0.0,0.0,0.0,0.0,118.0,187.0,161.125,211,354,0,0,104,101513.0,50947.5,382.0,71510.41589,101895.0,354.0,118.0,0.0,204.3819953,354.0,0.536555528,3,3,230.5400253,237,935,0,0,0,0,0,0,0,50788,0.0,5591220,0,0,5458787.0,798745.7143,5.0,2055222.091,1.430814742,168,5458792.0,1397805.0,43.0,2707661.189,5591220.0,935.0,187.0,0.0,418.1447118,935.0,32,0.894259214,5,5,5458787.0,5458787.0,5458787.0,0.0,935.0,143.2222222,0.0,319.1644473,101865.9444
1,0.0,0.0,0.0,0.0,0.0,0.0,0.0,-1,0,0,0,0,0.0,0.0,0.0,0.0,0.0,0.0,0.0,0.0,0.0,0.0,0.0,0,0,0.0,253,0,0,0,0,0,0,0,0,80,0.0,9114,0,0,9114.0,9114.0,9114.0,0.0,219.4426157559798,40,9114.0,9114.0,9114.0,0.0,9114.0,0.0,0.0,0.0,0.0,0.0,20,219.4426157559798,2,2,0.0,0.0,0.0,0.0,0.0,0.0,0.0,0.0,0.0
0,0.0,0.0,0.0,0.0,121.1363636364,89.0909090909,105.1136363636,230,2665,0,0,712,155131.0,17072.9047619048,7.0,36664.803190396,358531.0,976.0,121.1363636364,0.0,258.6415602914,2665.0,61.3603021158,22,22,12899.6089675292,26883,1960,0,0,0,1,0,0,0,22,1.0,358538,0,0,118250.0,8338.0930232558,3.0,20677.4446874043,122.7206042316,712,118250.0,17071.1428571429,197.0,30720.5753124607,358494.0,640.0,89.0909090909,0.0,137.9533769037,1960.0,32,61.3603021158,22,22,0.0,0.0,0.0,0.0,976.0,102.7777777778,0.0,203.7465994015,41512.6767676768
0,0.0,0.0,0.0,0.0,98.0,34.0,74.5,-1,196,0,0,16,45998.0,45998.0,45998.0,0.0,45998.0,98.0,98.0,98.0,0.0,196.0,43.21707938977484,2,2,5704.654479450279,-1,68,0,0,0,0,0,0,0,53,1.0,46278,0,0,45613.0,15426.0,280.0,26142.76157945063,86.43415877954968,16,45893.0,45893.0,45893.0,0.0,45893.0,34.0,34.0,34.0,0.0,68.0,8,43.21707938977484,2,2,0.0,0.0,0.0,0.0,98.0,59.6,34.0,35.05424368033063,1228.7999999999995
0,0.0,0.0,0.0,0.0,94.0,31.0,78.0,-1,94,0,0,8,0.0,0.0,0.0,0.0,0.0,94.0,94.0,94.0,0.0,94.0,1677.8523489932886,1,1,209731.5436241611,-1,31,0,0,0,0,0,0,0,53,1.0,596,0,0,596.0,596.0,596.0,0.0,3355.704697986577,8,0.0,0.0,0.0,0.0,0.0,31.0,31.0,31.0,0.0,31.0,8,1677.8523489932886,1,1,0.0,0.0,0.0,0.0,94.0,52.0,31.0,36.37306695894642,1323.0
0,0.0,0.0,0.0,0.0,88.0,32.0,68.0,-1,176,0,0,64,3.0,3.0,3.0,0.0,3.0,88.0,88.0,88.0,0.0,176.0,28.68288206,2,2,3441.945847,-1,64,0,0,0,0,0,0,0,53,1.0,69728,0,0,69722.0,23242.66667,3.0,40252.28342,57.36576411,64,3.0,3.0,3.0,0.0,3.0,32.0,32.0,32.0,0.0,64.0,32,28.68288206,2,2,0.0,0.0,0.0,0.0,88.0,54.4,32.0,30.67246322,940.8
0,4109248.0,401722.909090909,11244.0,1231056.73967591,98.5,51.9411764706,74.5151515152,290,1576,0,0,464,10020337.0,7614516.6,461.0,4225704.34682116,114217749.0,788.0,98.5,0.0,269.1532401192,1576.0,0.1400695536,16,16,21.5269395247,8192,883,0,0,0,1,0,0,0,80,0.0,114228964,0,0,10004154.0,3569655.125,32.0,4767037.68879434,0.2888934544,352,10015412.0,7138600.125,663.0,4464728.25107204,114217602.0,436.0,51.9411764706,0.0,144.5551238232,883.0,20,0.1488239007,17,17,10004154.0,9981695.45454546,9824900.0,55723.2686000447,788.0,72.3235294118,0.0,209.2010372227,43765.0739750446
0,0.0,0.0,0.0,0.0,125.0,187.0,169.2857143,32768,250,0,0,40,2910.0,2910.0,2910.0,0.0,2910.0,250.0,125.0,0.0,176.7766953,250.0,575.3739931,2,2,340909.0909,65535,935,0,1,0,1,1,0,0,52548,0.0,3476,0,0,2910.0,579.3333333,6.0,1148.822818,2013.808976,124,3238.0,869.0,6.0,1581.854397,3476.0,935.0,187.0,0.0,418.1447118,935.0,20,1438.434983,5,5,0.0,0.0,0.0,0.0,935.0,148.125,0.0,329.7611419,108742.4107
0,0.0,0.0,0.0,0.0,86.0,38.0,71.5,-1,172,0,0,64,4.0,4.0,4.0,0.0,4.0,86.0,86.0,86.0,0.0,172.0,83.26048041,2,2,10324.29957,-1,76,0,0,0,0,0,0,0,53,1.0,24021,0,0,24014.0,8007.0,3.0,13862.46865,166.5209608,64,3.0,3.0,3.0,0.0,3.0,38.0,38.0,38.0,0.0,76.0,32,83.26048041,2,2,0.0,0.0,0.0,0.0,86.0,57.2,38.0,26.29068276,691.2
0,0.0,0.0,0.0,0.0,56.0,40.0,58.0,-1,112,0,0,64,48.0,48.0,48.0,0.0,48.0,56.0,56.0,56.0,0.0,112.0,11299.4350282486,2,2,1084745.76271186,-1,80,0,0,0,0,0,0,0,53,1.0,177,0,0,125.0,59.0,4.0,61.2454079911,22598.8700564972,64,4.0,4.0,4.0,0.0,4.0,40.0,40.0,40.0,0.0,80.0,32,11299.4350282486,2,2,0.0,0.0,0.0,0.0,56.0,46.4,40.0,8.7635609201,76.8
1,0.0,0.0,0.0,0.0,118.6666667,187.0,161.375,211,356,0,0,104,69470.0,34873.5,277.0,48926.83951,69747.0,356.0,118.6666667,0.0,205.5366958,356.0,0.702450922,3,3,302.2880466,237,935,0,0,0,0,0,0,0,32848,0.0,4270761,0,0,4172182.0,610108.7143,11.0,1570940.747,1.873202457,168,4172193.0,1067690.25,34.0,2069866.17,4270761.0,935.0,187.0,0.0,418.1447118,935.0,32,1.170751536,5,5,0.0,0.0,0.0,0.0,935.0,143.4444444,0.0,319.3302018,101971.7778
0,0.0,0.0,0.0,0.0,547.5,142.55555555555554,355.6842105263158,27,5475,0,0,208,5000720.0,634050.4444444445,1.0,1648210.875661099,5706454.0,1460.0,547.5,0.0,581.6967996015336,5475.0,1.7453155294859717,10,10,1179.4842348266195,8192,1283,0,1,0,1,1,0,0,443,1.0,5729623,0,0,4945338.0,318312.3888888889,1.0,1160437.27155708,3.316099506023346,192,498663.0,98035.5,372.0,165000.99835368962,784284.0,501.0,142.55555555555554,0.0,204.98116444634076,1283.0,20,1.5707839765373743,9,9,0.0,0.0,0.0,0.0,1460.0,337.9,0.0,474.53089301019446,225179.56842105265
0,0.0,0.0,0.0,0.0,63.0,35.0,57.75,-1,126,0,0,16,0.0,0.0,0.0,0.0,0.0,63.0,63.0,63.0,0.0,126.0,80.56719303899453,2,2,7895.584917821463,-1,70,0,0,0,0,0,0,0,53,1.0,24824,0,0,19844.0,8274.666666666668,0.0,10324.107967923104,161.13438607798906,16,19844.0,19844.0,19844.0,0.0,19844.0,35.0,35.0,35.0,0.0,70.0,8,80.56719303899453,2,2,0.0,0.0,0.0,0.0,63.0,46.2,35.0,15.336231610144653,235.2
1,0.0,0.0,0.0,0.0,0.0,0.0,0.0,-1,0,0,0,0,0.0,0.0,0.0,0.0,0.0,0.0,0.0,0.0,0.0,0.0,0.0,0,0,0.0,118,0,0,0,0,0,0,0,0,51751,0.0,1,0,0,1.0,1.0,1.0,0.0,2000000.0,40,1.0,1.0,1.0,0.0,1.0,0.0,0.0,0.0,0.0,0.0,20,2000000.0,2,2,0.0,0.0,0.0,0.0,0.0,0.0,0.0,0.0,0.0
0,0.0,0.0,0.0,0.0,97.0,33.0,81.5,-1,97,0,0,8,0.0,0.0,0.0,0.0,0.0,97.0,97.0,97.0,0.0,97.0,3891.0505836576,1,1,505836.575875486,-1,33,0,0,0,0,0,0,0,53,1.0,257,0,0,257.0,257.0,257.0,0.0,7782.1011673152,8,0.0,0.0,0.0,0.0,0.0,33.0,33.0,33.0,0.0,33.0,8,3891.0505836576,1,1,0.0,0.0,0.0,0.0,97.0,54.3333333333,33.0,36.9504172281,1365.3333333333
0,0.0,0.0,0.0,0.0,122.0,53.6666666667,92.7142857143,149,488,0,0,92,356.0,195.6666666667,40.0,158.051679312,587.0,488.0,122.0,0.0,244.0,488.0,4889.9755501223,4,4,793398.533007335,8192,161,0,0,0,1,0,0,0,80,1.0,818,0,0,231.0,136.3333333333,40.0,75.3117963314,8557.4572127139,72,286.0,214.5,143.0,101.1162697097,429.0,161.0,53.6666666667,0.0,92.9533933395,161.0,20,3667.4816625917,3,3,0.0,0.0,0.0,0.0,488.0,81.125,0.0,173.7875858627,30202.125
0,0.0,0.0,0.0,0.0,63.0,35.0,57.75,-1,126,0,0,40,48.0,48.0,48.0,0.0,48.0,63.0,63.0,63.0,0.0,126.0,10869.56522,2,2,1065217.391,-1,70,0,0,0,0,0,0,0,53,1.0,184,0,0,89.0,61.33333333,47.0,23.96525262,21739.13043,40,47.0,47.0,47.0,0.0,47.0,35.0,35.0,35.0,0.0,70.0,20,10869.56522,2,2,0.0,0.0,0.0,0.0,63.0,46.2,35.0,15.33623161,235.2
0,0.0,0.0,0.0,0.0,64.0,36.0,68.0,-1,64,0,0,8,0.0,0.0,0.0,0.0,0.0,64.0,64.0,64.0,0.0,64.0,975.6097560976,1,1,97560.9756097561,-1,36,0,0,0,0,0,0,0,53,1.0,1025,0,0,1025.0,1025.0,1025.0,0.0,1951.2195121951,8,0.0,0.0,0.0,0.0,0.0,36.0,36.0,36.0,0.0,36.0,8,975.6097560976,1,1,0.0,0.0,0.0,0.0,64.0,45.3333333333,36.0,16.1658075373,261.3333333333
0,50014682.0,27327330.5,4639979.0,32084760.185625583,0.0,0.0,0.0,-1,0,0,0,0,0.0,0.0,0.0,0.0,0.0,0.0,0.0,0.0,0.0,0.0,0.0,0,0,0.0,-1,0,0,0,0,0,0,0,0,0,0.0,119013418,0,0,32473671.0,2203952.185185184,515612.0,4525795.952291641,0.4621327655676606,0,32473671.0,2203952.185185184,515612.0,4525795.952291641,119013418.0,0.0,0.0,0.0,0.0,0.0,0,0.4621327655676606,55,55,32473671.0,16444432.666666668,7606166.0,13906140.958740436,0.0,0.0,0.0,0.0,0.0
0,0.0,0.0,0.0,0.0,106.0,29.0,74.75,-1,212,0,0,16,70522.0,70522.0,70522.0,0.0,70522.0,106.0,106.0,106.0,0.0,212.0,27.873399021643696,2,2,3762.908867921899,-1,58,0,0,0,0,0,0,0,53,1.0,71753,0,0,70231.0,23917.666666666664,291.0,40111.27688485289,55.74679804328739,16,71462.0,71462.0,71462.0,0.0,71462.0,29.0,29.0,29.0,0.0,58.0,8,27.873399021643696,2,2,0.0,0.0,0.0,0.0,106.0,59.8,29.0,42.174636927897794,1778.7000000000005
0,0.0,0.0,0.0,0.0,131.0,35.0,91.75,-1,262,0,0,16,1.0,1.0,1.0,0.0,1.0,131.0,131.0,131.0,0.0,262.0,9.430625958,2,2,1565.483909,-1,70,0,0,0,0,0,0,0,53,1.0,212075,0,0,185541.0,70691.66667,1.0,100343.2299,18.86125192,16,26533.0,26533.0,26533.0,0.0,26533.0,35.0,35.0,35.0,0.0,70.0,8,9.430625958,2,2,0.0,0.0,0.0,0.0,131.0,73.4,35.0,52.58136552,2764.8
1,0.0,0.0,0.0,0.0,0.0,0.0,0.0,-1,0,0,0,0,0.0,0.0,0.0,0.0,0.0,0.0,0.0,0.0,0.0,0.0,0.0,0,0,0.0,32738,0,0,0,0,0,0,0,0,80,0.0,13962,0,0,13962.0,13962.0,13962.0,0.0,143.2459533,40,13962.0,13962.0,13962.0,0.0,13962.0,0.0,0.0,0.0,0.0,0.0,20,143.2459533,2,2,0.0,0.0,0.0,0.0,0.0,0.0,0.0,0.0,0.0
1,0.0,0.0,0.0,0.0,0.0,25.6666666667,41.0,-1,0,0,0,0,0.0,0.0,0.0,0.0,0.0,0.0,0.0,0.0,0.0,0.0,0.0,0,0,8407.0313352986,255,77,0,0,0,0,0,1,0,443,0.0,9159,1,0,9142.0,4579.5,17.0,6452.3493783273,327.5466754012,60,9142.0,4579.5,17.0,6452.3493783273,9159.0,46.0,25.6666666667,0.0,23.4591844132,77.0,20,327.5466754012,3,3,0.0,0.0,0.0,0.0,46.0,30.75,0.0,21.6852484422,470.25
0,0.0,0.0,0.0,0.0,241.0,6.666666667,140.5714286,211,964,0,0,92,1168122.0,389877.3333,28.0,673980.0438,1169632.0,964.0,241.0,0.0,482.0,964.0,3.419870301,4,4,841.2880941,8192,20,0,1,0,1,1,0,0,80,1.0,1169635,0,0,1168122.0,194939.1667,3.0,476760.476,5.984773027,72,1145.0,740.5,336.0,572.049386,1481.0,20.0,6.666666667,0.0,11.54700538,20.0,20,2.564902726,3,3,0.0,0.0,0.0,0.0,964.0,123.0,0.0,339.8873763,115523.4286
0,68958.0,43435.66666666666,30613.0,22103.07459005044,222.0,62.0,147.33333333333334,946,1776,0,0,208,10046468.0,5556168.285714285,1.0,5205478.849399535,38893178.0,1460.0,222.0,0.0,512.3034814861765,1776.0,0.2055302328035808,8,8,56.77772681198922,8192,434,0,0,0,1,0,0,0,80,1.0,38923714,0,0,10015895.0,2780265.285714285,1.0,4545674.983817363,0.3853691865067141,152,10046631.0,5024865.333333334,7325.0,5479309.181423318,30149192.0,431.0,62.0,0.0,162.71447384913242,434.0,20,0.1798389537031332,7,7,10015895.0,10006295.0,10000386.0,8387.483591638198,1460.0,138.125,0.0,375.2300405529032,140797.58333333334
0,0.0,0.0,0.0,0.0,225.8571428571429,143.0,181.66666666666663,62856,1581,0,0,152,953139.0,291238.6666666667,147220.0,324846.84543560934,1747432.0,1173.0,225.8571428571429,0.0,430.0986044197418,1581.0,3.6893873192595503,7,7,1436.225777854611,8192,1144,0,1,0,1,1,0,0,3389,0.0,1897334,0,0,953139.0,135523.85714285716,4.0,245765.55737621075,7.905829969841894,172,1153434.0,271047.71428571426,4.0,393028.8521859069,1897334.0,677.0,143.0,0.0,227.96992282817865,1144.0,20,4.216442650582343,8,8,0.0,0.0,0.0,0.0,1173.0,170.3125,0.0,319.4027173230268,102018.09583333334
0,0.0,0.0,0.0,0.0,43.0,74.6,60.55555556,0,172,0,0,92,204327.0,188221.0,179518.0,13963.34226,564663.0,133.0,43.0,0.0,62.75348596,172.0,7.083068456,4,4,965.0680771,8192,373,0,0,0,1,0,0,0,445,0.0,564727,0,0,180759.0,70590.875,28.0,91041.50142,15.93690403,112,205041.0,141167.0,28.0,94842.32605,564668.0,140.0,74.6,0.0,70.28371077,373.0,20,8.85383557,5,5,0.0,0.0,0.0,0.0,140.0,54.5,0.0,64.19804428,4121.388889
1,0.0,0.0,0.0,0.0,84.75,187.0,141.5555556,211,339,0,0,144,1020940.0,381053.6667,1673.0,557336.2594,1143161.0,339.0,84.75,0.0,169.5,339.0,0.725431056,4,4,231.0497912,219,935,0,0,0,0,0,0,0,53940,0.0,5513963,0,0,4344734.0,689245.375,2.0,1518164.825,1.632219875,168,5365676.0,1378490.75,23.0,2658643.094,5513963.0,935.0,187.0,0.0,418.1447118,935.0,32,0.90678882,5,5,0.0,0.0,0.0,0.0,935.0,127.4,0.0,303.102183,91870.93333
0,0.0,0.0,0.0,0.0,101.0,37.0,87.5,-1,101,0,0,8,0.0,0.0,0.0,0.0,0.0,101.0,101.0,101.0,0.0,101.0,2493.7655860349128,1,1,344139.650872818,-1,37,0,0,0,0,0,0,0,53,1.0,401,0,0,401.0,401.0,401.0,0.0,4987.5311720698255,8,0.0,0.0,0.0,0.0,0.0,37.0,37.0,37.0,0.0,37.0,8,2493.7655860349128,1,1,0.0,0.0,0.0,0.0,101.0,58.33333333333333,37.0,36.95041722813605,1365.3333333333333
0,0.0,0.0,0.0,0.0,173.0,36.0,113.5,-1,346,0,0,16,1.0,1.0,1.0,0.0,1.0,173.0,173.0,173.0,0.0,346.0,20.011206275514287,2,2,4182.342111582486,-1,72,0,0,0,0,0,0,0,53,1.0,99944,0,0,64658.0,33314.66666666667,1.0,32373.501082418214,40.02241255102857,16,35285.0,35285.0,35285.0,0.0,35285.0,36.0,36.0,36.0,0.0,72.0,8,20.011206275514287,2,2,0.0,0.0,0.0,0.0,173.0,90.8,36.0,75.03799037820777,5630.700000000001
1,0.0,0.0,0.0,0.0,0.0,0.0,0.0,-1,0,0,0,0,0.0,0.0,0.0,0.0,0.0,0.0,0.0,0.0,0.0,0.0,0.0,0,0,0.0,2239,0,0,0,0,0,0,0,0,80,0.0,54860365,0,0,54860365.0,54860365.0,54860365.0,0.0,0.0364561920067429,40,54860365.0,54860365.0,54860365.0,0.0,54860365.0,0.0,0.0,0.0,0.0,0.0,20,0.0364561920067429,2,2,0.0,0.0,0.0,0.0,0.0,0.0,0.0,0.0,0.0
0,0.0,0.0,0.0,0.0,124.5,187.0,169.1428571,32768,249,0,0,40,651.0,651.0,651.0,0.0,651.0,249.0,124.5,0.0,176.0695885,249.0,1705.029838,2,2,1009377.664,65535,935,0,1,0,1,1,0,0,58228,0.0,1173,0,0,651.0,195.5,6.0,248.5652832,5967.604433,124,929.0,293.25,6.0,432.2571573,1173.0,935.0,187.0,0.0,418.1447118,935.0,20,4262.574595,5,5,0.0,0.0,0.0,0.0,935.0,148.0,0.0,329.7171948,108713.4286
1,0.0,0.0,0.0,0.0,0.0,0.0,0.0,-1,0,0,0,0,0.0,0.0,0.0,0.0,0.0,0.0,0.0,0.0,0.0,0.0,0.0,0,0,0.0,279,0,0,0,0,0,0,0,0,80,0.0,54192404,0,0,54192404.0,54192404.0,54192404.0,0.0,0.0369055412267741,40,54192404.0,54192404.0,54192404.0,0.0,54192404.0,0.0,0.0,0.0,0.0,0.0,20,0.0369055412267741,2,2,0.0,0.0,0.0,0.0,0.0,0.0,0.0,0.0,0.0
0,638799.0,389478.5,140158.0,352592.43247764127,354.44444444444446,46.23076923076923,172.3181818181818,176,3190,0,0,192,59077261.0,14782784.125,16.0,27226152.47488607,118262273.0,1430.0,354.4444444444445,0.0,574.0257204845249,3190.0,0.0760020791804354,9,9,32.01376468589232,8192,601,0,1,0,1,1,0,0,443,0.0,118417813,0,0,58937023.0,5638943.476190476,6.0,17654425.995712426,0.1857828602188422,272,58937023.0,9868151.083333332,182.0,22828998.91012174,118417813.0,201.0,46.230769230769226,0.0,69.68399367400647,601.0,20,0.1097807810384067,13,13,58937023.0,58741616.0,58546209.0,276347.2295826394,1430.0,164.82608695652172,0.0,383.0452919070719,146723.69565217392
0,0.0,0.0,0.0,0.0,0.0,33.0,49.5,-1,0,0,0,0,0.0,0.0,0.0,0.0,0.0,0.0,0.0,0.0,0.0,0.0,0.0,0,0,156.76252140639735,-1,66,0,0,0,0,0,0,0,5355,0.0,421019,0,0,421019.0,421019.0,421019.0,0.0,4.750379436557496,16,421019.0,421019.0,421019.0,0.0,421019.0,33.0,33.0,33.0,0.0,66.0,8,4.750379436557496,2,2,0.0,0.0,0.0,0.0,33.0,33.0,33.0,0.0,0.0
1,0.0,0.0,0.0,0.0,6.0,0.0,4.5,0,18,0,0,60,3.0,2.0,1.0,1.4142135624,4.0,6.0,6.0,6.0,0.0,18.0,66666.6666666667,3,3,400000.0,972,0,0,0,0,0,0,0,0,48791,3.0,45,0,0,41.0,15.0,1.0,22.5388553392,88888.8888888889,32,0.0,0.0,0.0,0.0,0.0,0.0,0.0,0.0,0.0,0.0,32,22222.2222222222,1,1,0.0,0.0,0.0,0.0,6.0,3.6,0.0,3.286335345,10.8
0,0.0,0.0,0.0,0.0,35.0,108.6666667,66.57142857,219,140,0,0,92,16784.0,5707.666667,1.0,9593.86587,17123.0,123.0,35.0,0.0,59.21148537,140.0,228.1282081,4,4,26576.93624,8192,326,0,1,0,1,1,0,0,8080,1.0,17534,0,0,16784.0,2922.333333,1.0,6792.783514,399.2243641,72,426.0,237.0,48.0,267.2863633,474.0,326.0,108.6666667,0.0,188.2161878,326.0,20,171.096156,3,3,0.0,0.0,0.0,0.0,326.0,58.25,0.0,116.219927,13507.07143
0,0.0,0.0,0.0,0.0,156.5,187.0,178.2857143,32768,313,0,0,40,666.0,666.0,666.0,0.0,666.0,313.0,156.5,0.0,221.3244225,313.0,1574.80315,2,2,982677.1654,65535,935,0,1,0,1,1,0,0,59521,0.0,1270,0,0,666.0,211.6666667,9.0,254.4175046,5511.811024,124,979.0,317.5,9.0,451.5237166,1270.0,935.0,187.0,0.0,418.1447118,935.0,20,3937.007874,5,5,0.0,0.0,0.0,0.0,935.0,156.0,0.0,333.2750901,111072.2857
1,0.0,0.0,0.0,0.0,108.3333333,187.0,157.5,211,325,0,0,104,38213.0,20570.0,2927.0,24950.96988,41140.0,325.0,108.3333333,0.0,187.6388375,325.0,0.709735129,3,3,298.0887543,219,935,0,0,0,0,0,0,0,42252,0.0,4226929,0,0,4123347.0,603847.0,4.0,1552145.573,1.892627011,168,4123355.0,1056732.25,28.0,2044579.129,4226929.0,935.0,187.0,0.0,418.1447118,935.0,32,1.182891882,5,5,0.0,0.0,0.0,0.0,935.0,140.0,0.0,316.9088986,100431.25
1,0.0,0.0,0.0,0.0,0.0,15.5,31.0,-1,0,0,0,0,0.0,0.0,0.0,0.0,0.0,0.0,0.0,0.0,0.0,0.0,0.0,0,0,10300000.0,126,31,0,0,0,0,0,1,0,35544,0.0,3,1,0,3.0,3.0,3.0,0.0,666666.6667,64,3.0,3.0,3.0,0.0,3.0,31.0,15.5,0.0,21.92031022,31.0,32,666666.6667,2,2,0.0,0.0,0.0,0.0,31.0,20.66666667,0.0,17.89785834,320.3333333
0,0.0,0.0,0.0,0.0,163.0,187.0,180.1428571,32768,326,0,0,40,14467.0,14467.0,14467.0,0.0,14467.0,326.0,163.0,0.0,230.5168107,326.0,133.2356272,2,2,84005.06295,65535,935,0,1,0,1,1,0,0,63194,0.0,15011,0,0,14467.0,2501.833333,5.0,5862.741148,466.3246952,124,14731.0,3752.75,5.0,7319.456554,15011.0,935.0,187.0,0.0,418.1447118,935.0,20,333.089068,5,5,0.0,0.0,0.0,0.0,935.0,157.625,0.0,334.1804207,111676.5536
0,0.0,0.0,0.0,0.0,225.8571428571,141.0,180.6,62872,1581,0,0,152,953548.0,261714.333333333,109914.0,339497.146007837,1570286.0,1173.0,225.8571428571,0.0,430.0986044197,1581.0,4.1709990436,7,7,1614.1766298924,8192,1128,0,1,0,1,1,0,0,3389,0.0,1678255,0,0,953548.0,119875.357142857,2.0,245567.52256562,8.9378550935,172,1115533.0,239750.714285714,2.0,388462.996813388,1678255.0,661.0,141.0,0.0,222.62332056,1128.0,20,4.7668560499,8,8,0.0,0.0,0.0,0.0,1173.0,169.3125,0.0,317.7312740352,100953.1625
1,227227.0,169959.0,140768.0,49598.67051645638,28.75,49.27272727272727,40.56521739130435,241,345,0,0,240,58025419.0,6838728.999999998,32.0,17308615.791456006,75226019.0,93.0,28.75,0.0,33.43684685003548,345.0,0.1593262961917802,12,12,11.77686872684242,258,542,0,0,0,0,0,1,0,443,1.0,75317134,1,0,57934314.0,3423506.090909091,20.0,12415792.474069374,0.3053754010342454,220,58065551.0,7518622.5,84.0,18089133.34713413,75186225.0,141.0,49.27272727272727,0.0,49.40463725014264,542.0,20,0.1460491048424652,11,11,57934314.0,24860101.666666668,8187854.0,28643426.895674277,141.0,38.875,0.0,41.27143711744396,1703.3315217391307
1,0.0,0.0,0.0,0.0,68.4,233.75,141.8888889,225,342,0,0,168,57806.0,31986.0,1553.0,24472.28771,127944.0,342.0,68.4,0.0,152.9470497,342.0,1.198262041,5,5,306.0361252,219,935,0,0,0,0,0,0,0,46186,1.0,4172710,0,0,4044766.0,521588.75,7.0,1423754.69,2.156871673,136,4044773.0,1390271.667,57456.0,2298872.325,4170815.0,935.0,233.75,0.0,467.5,935.0,32,0.958609633,4,4,0.0,0.0,0.0,0.0,935.0,127.7,0.0,303.336282,92012.9
0,0.0,0.0,0.0,0.0,189.0,61.0,155.5,-1,189,0,0,8,0.0,0.0,0.0,0.0,0.0,189.0,189.0,189.0,0.0,189.0,1919.3857965451057,1,1,479846.4491362765,-1,61,0,0,0,0,0,0,0,53,1.0,521,0,0,521.0,521.0,521.0,0.0,3838.7715930902114,8,0.0,0.0,0.0,0.0,0.0,61.0,61.0,61.0,0.0,61.0,8,1919.3857965451057,1,1,0.0,0.0,0.0,0.0,189.0,103.66666666666666,61.0,73.9008344562721,5461.333333333333
0,0.0,0.0,0.0,0.0,225.8571428571,143.5,181.9333333333,62852,1581,0,0,148,953148.0,341655.166666667,160669.0,307237.506262772,2049931.0,1173.0,225.8571428571,0.0,430.0986044197,1581.0,3.1206102487,7,7,1216.5921955321,8192,1148,0,0,0,1,0,0,0,3389,0.0,2243151,0,0,953148.0,160225.071428571,69.0,252686.732710824,6.6870219615,168,1203004.0,320450.142857143,69.0,402367.691282666,2243151.0,677.0,143.5,0.0,228.129662379,1148.0,20,3.5664117128,8,8,0.0,0.0,0.0,0.0,1173.0,170.5625,0.0,319.433241591,102037.595833333
0,0.0,0.0,0.0,0.0,67.6,75.83333333,72.09090909,0,338,0,0,112,148129.0,148002.25,147938.0,88.31147528,592009.0,145.0,67.6,0.0,69.7588704,338.0,8.444861808,5,5,1339.355083,8192,455,0,0,0,1,0,0,0,445,0.0,592076,0,0,147924.0,59207.6,67.0,76313.40022,18.57869598,132,148026.0,118400.8,83.0,66141.66751,592004.0,140.0,75.83333333,0.0,62.93621109,455.0,20,10.13383417,6,6,0.0,0.0,0.0,0.0,145.0,66.08333333,0.0,63.40269328,4019.901515
0,0.0,0.0,0.0,0.0,0.0,0.0,0.0,-1,0,0,0,0,0.0,0.0,0.0,0.0,0.0,0.0,0.0,0.0,0.0,0.0,0.0,0,0,0.0,-1,0,0,0,0,0,0,0,0,0,0.0,250048,0,0,244276.0,125024.0,5772.0,168647.79574011633,11.997696442283084,0,244276.0,125024.0,5772.0,168647.79574011633,250048.0,0.0,0.0,0.0,0.0,0.0,0,11.997696442283084,3,3,0.0,0.0,0.0,0.0,0.0,0.0,0.0,0.0,0.0
1,0.0,0.0,0.0,0.0,0.0,0.0,0.0,-1,0,0,0,0,0.0,0.0,0.0,0.0,0.0,0.0,0.0,0.0,0.0,0.0,0.0,0,0,0.0,2239,0,0,0,0,0,0,0,0,80,0.0,55128911,0,0,55128911.0,55128911.0,55128911.0,0.0,0.0362786052494307,40,55128911.0,55128911.0,55128911.0,0.0,55128911.0,0.0,0.0,0.0,0.0,0.0,20,0.0362786052494307,2,2,0.0,0.0,0.0,0.0,0.0,0.0,0.0,0.0,0.0
1,0.0,0.0,0.0,0.0,0.0,0.0,0.0,-1,0,0,0,0,0.0,0.0,0.0,0.0,0.0,0.0,0.0,0.0,0.0,0.0,0.0,0,0,0.0,32738,0,0,0,0,0,0,0,0,80,0.0,18289,0,0,18289.0,18289.0,18289.0,0.0,109.3553502,40,18289.0,18289.0,18289.0,0.0,18289.0,0.0,0.0,0.0,0.0,0.0,20,109.3553502,2,2,0.0,0.0,0.0,0.0,0.0,0.0,0.0,0.0,0.0
1,0.0,0.0,0.0,0.0,192.8705882353,232.4102564103,205.3064516129,5565,16394,0,0,1700,5030122.0,1385715.27380952,0.0,2046137.15209829,116400083.0,1053.0,192.8705882353,0.0,308.426528576,16394.0,0.7298467712,85,85,218.5934011789,5564,9064,0,0,0,0,0,0,0,443,2.0,116462802,0,0,4977507.0,946852.048780488,0.0,1775734.84490061,1.0647176426,780,5093676.0,3064810.57894737,121139.0,2098627.71473261,116462802.0,1295.0,232.4102564103,0.0,503.4099364361,9064.0,20,0.3348708715,39,39,0.0,0.0,0.0,0.0,1295.0,203.664,0.0,377.8578189675,142776.531354839
0,101504.0,38955.0,23000.0,34969.53139,196.6666667,48.0,122.3333333,939,1770,0,0,296,10200000.0,6663463.5,623.0,4963011.008,53300000.0,1770.0,196.6666667,0.0,590.0,1770.0,0.168757696,9,9,41.28938305,29200,432,0,0,0,1,0,0,0,80,1.0,53330901,0,0,10200000.0,3137111.824,44.0,4729796.535,0.337515393,296,10200000.0,6403742.0,23283.0,5274848.42,51200000.0,432.0,48.0,0.0,144.0,432.0,32,0.168757696,9,9,10200000.0,10200000.0,10200000.0,21586.75018,1770.0,115.8947368,0.0,412.6017578,170240.2105
0,0.0,0.0,0.0,0.0,225.8571428571429,143.5,181.9333333333333,62852,1581,0,0,152,953515.0,304770.8333333333,114646.0,321943.47379962006,1828625.0,1173.0,225.8571428571429,0.0,430.0986044197418,1581.0,3.608132111241806,7,7,1406.6560759398412,8192,1148,0,1,0,1,1,0,0,3389,0.0,1940062,0,0,953515.0,138575.85714285713,64.0,246890.47128070533,7.731711666946727,172,1125539.0,277151.7142857143,64.0,380093.03197055776,1940062.0,677.0,143.5,0.0,228.12966237897004,1148.0,20,4.123579555704921,8,8,0.0,0.0,0.0,0.0,1173.0,170.56250000000003,0.0,319.4332415909987,102037.59583333335
0,0.0,0.0,0.0,0.0,101.0,51.0,101.5,-1,101,0,0,8,0.0,0.0,0.0,0.0,0.0,101.0,101.0,101.0,0.0,101.0,1046.0251046025,1,1,158995.815899582,-1,51,0,0,0,0,0,0,0,53,1.0,956,0,0,956.0,956.0,956.0,0.0,2092.050209205,8,0.0,0.0,0.0,0.0,0.0,51.0,51.0,51.0,0.0,51.0,8,1046.0251046025,1,1,0.0,0.0,0.0,0.0,101.0,67.6666666667,51.0,28.8675134595,833.3333333333
1,0.0,0.0,0.0,0.0,0.0,0.0,0.0,-1,0,0,0,0,0.0,0.0,0.0,0.0,0.0,0.0,0.0,0.0,0.0,0.0,0.0,0,0,0.0,225,0,0,0,0,0,0,0,0,80,0.0,17841,0,0,17841.0,17841.0,17841.0,0.0,112.1013396,64,17841.0,17841.0,17841.0,0.0,17841.0,0.0,0.0,0.0,0.0,0.0,32,112.1013396,2,2,0.0,0.0,0.0,0.0,0.0,0.0,0.0,0.0,0.0
0,1079886.0,217008.5455,36601.0,390979.1446,99.46666667,45.78947368,69.47058824,349,1492,0,0,488,11300000.0,8168599.143,20672.0,4278505.222,114000000.0,746.0,99.46666667,0.0,262.4918684,1492.0,0.1289857,15,15,20.31094823,29200,870,0,0,0,1,0,0,0,80,0.0,116291961,0,0,10200000.0,3523998.818,18.0,4793090.55,0.292367587,616,10200000.0,6460664.5,36750.0,4866713.71,116000000.0,435.0,45.78947368,0.0,137.1562689,870.0,32,0.163381887,19,19,10200000.0,10200000.0,10000000.0,59127.02203,746.0,67.48571429,0.0,197.936468,39178.84538
0,0.0,0.0,0.0,0.0,277.0,143.4,213.3809523809524,62856,3047,0,0,256,951625.0,281611.2,59382.0,282508.3543464,2816112.0,1173.0,277.0,0.0,456.5904072579712,3047.0,3.737351189717799,11,11,1522.4609710114053,8192,1434,0,1,0,1,1,0,0,3389,1.0,2943261,0,0,951625.0,147163.05000000002,24.0,236780.88487626452,7.134943180370344,212,1141505.0,327029.0,182.0,360953.3734341598,2943261.0,677.0,143.39999999999998,0.0,203.0321266313399,1434.0,20,3.3975919906525447,10,10,0.0,0.0,0.0,0.0,1173.0,203.68181818181813,0.0,351.3716505305128,123462.0367965368
0,0.0,0.0,0.0,0.0,0.0,50.0,66.6666666667,-1,0,0,0,0,0.0,0.0,0.0,0.0,0.0,0.0,0.0,0.0,0.0,0.0,0.0,0,0,98.1089179044,-1,150,0,0,0,0,0,0,0,137,0.0,1528913,0,0,765622.0,764456.5,763291.0,1648.2659069459,1.9621783581,24,765622.0,764456.5,763291.0,1648.2659069459,1528913.0,50.0,50.0,50.0,0.0,150.0,8,1.9621783581,3,3,0.0,0.0,0.0,0.0,50.0,50.0,50.0,0.0,0.0
0,0.0,0.0,0.0,0.0,0.0,0.0,0.0,8192,0,0,0,32,0.0,0.0,0.0,0.0,0.0,0.0,0.0,0.0,0.0,0.0,4.821670516,1,1,0.0,8192,0,0,0,0,1,0,0,0,445,0.0,207397,0,0,207251.0,69132.33333,65.0,119614.2743,19.28668206,72,207316.0,103698.5,81.0,146537.2738,207397.0,0.0,0.0,0.0,0.0,0.0,20,14.46501155,3,3,0.0,0.0,0.0,0.0,0.0,0.0,0.0,0.0,0.0
1,0.0,0.0,0.0,0.0,0.0,0.0,0.0,-1,0,0,0,0,0.0,0.0,0.0,0.0,0.0,0.0,0.0,0.0,0.0,0.0,0.0,0,0,0.0,2049,0,0,0,0,0,0,0,0,80,0.0,3630729,0,0,3630729.0,3630729.0,3630729.0,0.0,0.550853561,40,3630729.0,3630729.0,3630729.0,0.0,3630729.0,0.0,0.0,0.0,0.0,0.0,20,0.550853561,2,2,0.0,0.0,0.0,0.0,0.0,0.0,0.0,0.0,0.0
0,0.0,0.0,0.0,0.0,32.25,108.6666667,65.0,219,129,0,0,92,8776.0,3125.333333,24.0,4901.397896,9376.0,112.0,32.25,0.0,53.7672453,129.0,403.5105417,4,4,45899.32412,8192,326,0,1,0,1,1,0,0,8080,1.0,9913,0,0,8776.0,1652.166667,24.0,3497.457843,706.143448,72,575.0,318.5,62.0,362.7457787,637.0,326.0,108.6666667,0.0,188.2161878,326.0,20,302.6329063,3,3,0.0,0.0,0.0,0.0,326.0,56.875,0.0,115.4066568,13318.69643
1,0.0,0.0,0.0,0.0,0.0,0.0,0.0,-1,0,0,0,0,0.0,0.0,0.0,0.0,0.0,0.0,0.0,0.0,0.0,0.0,0.0,0,0,0.0,64000,0,0,0,0,0,0,0,0,56831,0.0,84704257,0,0,84704257.0,84704257.0,84704257.0,0.0,0.0236115641743956,40,84704257.0,84704257.0,84704257.0,0.0,84704257.0,0.0,0.0,0.0,0.0,0.0,20,0.0236115641743956,2,2,84704257.0,84704257.0,84704257.0,0.0,0.0,0.0,0.0,0.0,0.0
0,0.0,0.0,0.0,0.0,122.0,53.6666666667,92.7142857143,149,488,0,0,92,335.0,162.3333333333,0.0,167.7388843809,487.0,488.0,122.0,0.0,244.0,488.0,5517.2413793104,4,4,895172.413793104,8192,161,0,0,0,1,0,0,0,80,1.0,725,0,0,238.0,120.8333333333,0.0,82.9130066194,9655.1724137931,72,295.0,210.5,126.0,119.5010460205,421.0,161.0,53.6666666667,0.0,92.9533933395,161.0,20,4137.9310344828,3,3,0.0,0.0,0.0,0.0,488.0,81.125,0.0,173.7875858627,30202.125
0,0.0,0.0,0.0,0.0,102.0,42.0,93.0,-1,102,0,0,8,0.0,0.0,0.0,0.0,0.0,102.0,102.0,102.0,0.0,102.0,753.0120481927711,1,1,108433.73493975904,-1,42,0,0,0,0,0,0,0,53,1.0,1328,0,0,1328.0,1328.0,1328.0,0.0,1506.0240963855422,8,0.0,0.0,0.0,0.0,0.0,42.0,42.0,42.0,0.0,42.0,8,753.0120481927711,1,1,0.0,0.0,0.0,0.0,102.0,62.0,42.0,34.64101615137755,1200.0
0,0.0,0.0,0.0,0.0,225.8571428571429,143.0,181.66666666666663,62856,1581,0,0,152,953138.0,257820.0,104893.0,341513.14971989003,1546920.0,1173.0,225.8571428571429,0.0,430.0986044197418,1581.0,4.238796859899286,7,7,1650.1030633179364,8192,1144,0,1,0,1,1,0,0,3389,0.0,1651412,0,0,953138.0,117958.0,69.0,245531.91401495275,9.083136128355612,172,1120737.0,235916.0,69.0,392169.811239553,1651412.0,677.0,143.0,0.0,227.96992282817865,1144.0,20,4.844339268456327,8,8,0.0,0.0,0.0,0.0,1173.0,170.3125,0.0,319.4027173230268,102018.09583333334
0,0.0,0.0,0.0,0.0,122.0,56.0,117.0,-1,122,0,0,20,0.0,0.0,0.0,0.0,0.0,122.0,122.0,122.0,0.0,122.0,12.98465214,1,1,2311.268081,-1,56,0,0,0,0,0,0,0,53,1.0,77014,0,0,77014.0,77014.0,77014.0,0.0,25.96930428,20,0.0,0.0,0.0,0.0,0.0,56.0,56.0,56.0,0.0,56.0,20,12.98465214,1,1,0.0,0.0,0.0,0.0,122.0,78.0,56.0,38.10511777,1452.0
0,0.0,0.0,0.0,0.0,58.0,24.25,41.125,141,232,0,0,92,5667011.0,1889246.66666667,353.0,3271639.88219766,5667740.0,232.0,58.0,0.0,116.0,232.0,0.7057268855,4,4,58.0460363291,8192,97,0,0,0,1,0,0,0,80,1.0,5667915,0,0,5605780.0,809702.142857143,42.0,2114993.93014239,1.4114537709,92,61797.0,20711.6666666667,121.0,35580.9747664863,62135.0,97.0,24.25,0.0,48.5,97.0,20,0.7057268855,4,4,0.0,0.0,0.0,0.0,232.0,36.5555555556,0.0,80.0048609634,6400.7777777778
0,137122.0,137122.0,137122.0,0.0,38.0,99.83333333333331,75.1,946,152,0,0,92,72336.0,34989.0,249.0,36114.1416760803,104967.0,152.0,38.0,0.0,76.0,152.0,0.709503282073495,4,4,133.20924120929868,8192,599,0,1,0,1,1,0,0,443,0.0,5637747,0,0,5500611.0,626416.3333333334,14.0,1827991.0085634997,1.7737582051837373,132,5572693.0,1127549.4,14.0,2484963.3351541227,5637747.0,517.0,99.83333333333331,0.0,205.4511296310309,599.0,20,1.0642549231102425,6,6,5500611.0,5500611.0,5500611.0,0.0,517.0,68.27272727272727,0.0,155.78259909828884,24268.21818181818
0,0.0,0.0,0.0,0.0,344.25,113.2,215.8888888889,62868,2754,0,0,172,953393.0,338644.428571429,95482.0,319880.271779332,2370511.0,1173.0,344.25,0.0,520.2819977117,2754.0,3.2450661811,8,8,1576.2908974677,8192,1132,0,0,0,1,0,0,0,3389,0.0,2465281,0,0,953393.0,145016.529411765,64.0,244893.816253371,7.3013989075,224,1107089.0,273920.111111111,64.0,347934.092848935,2465281.0,661.0,113.2,0.0,205.3424240412,1132.0,20,4.0563327264,10,10,0.0,0.0,0.0,0.0,1173.0,204.5263157895,0.0,376.8112360352,141986.707602339
1,67413.0,59051.5,34009.0,16695.00311470471,0.0,65.0,46.4,133,0,0,0,80,31030860.0,31025563.0,31015214.0,8963.334033717587,93076689.0,0.0,0.0,0.0,0.0,0.0,0.0370561635072087,4,4,3.612975941952854,133,390,0,0,0,0,0,1,0,443,0.0,107944256,1,0,30963465.0,11993806.222222222,34009.0,14994243.146581797,0.0926404087680219,120,31030854.0,21575364.8,34009.0,13949139.978567466,107876824.0,79.0,65.0,0.0,31.906112267087632,390.0,20,0.0555842452608131,6,6,30963465.0,26910154.5,14766145.0,8096009.65822812,79.0,42.18181818181818,0.0,40.4272635280158,1634.3636363636365
0,0.0,0.0,0.0,0.0,122.0,53.66666666666666,92.71428571428572,149,488,0,0,92,420.0,225.66666666666669,1.0,211.1405535024793,677.0,488.0,122.0,0.0,244.0,488.0,4419.889502762431,4,4,717127.0718232044,8192,161,0,0,0,1,0,0,0,80,1.0,905,0,0,256.0,150.83333333333334,1.0,99.93481208601268,7734.806629834255,72,286.0,231.5,177.0,77.07463914933368,463.0,161.0,53.66666666666666,0.0,92.95339333952974,161.0,20,3314.9171270718234,3,3,0.0,0.0,0.0,0.0,488.0,81.125,0.0,173.78758586274222,30202.125
0,0.0,0.0,0.0,0.0,1932.5,79.75,1192.0,235,11595,0,0,200,122245.0,26640.8,45.0,53640.11727,133204.0,5792.0,1932.5,0.0,2181.008184,11595.0,0.05959198,6,6,118.3298076,0,319,0,0,1,0,0,0,0,80,1.0,100684690,0,0,101000000.0,11200000.0,23.0,33500000.0,0.099319966,124,101000000.0,33500000.0,957.0,58100000.0,101000000.0,313.0,79.75,0.0,155.5257213,319.0,20,0.039727986,4,4,101000000.0,101000000.0,101000000.0,0.0,5792.0,1083.636364,0.0,1826.811883,3337241.655
1,0.0,0.0,0.0,0.0,0.0,0.0,0.0,-1,0,0,0,0,0.0,0.0,0.0,0.0,0.0,0.0,0.0,0.0,0.0,0.0,0.0,0,0,0.0,2239,0,0,0,0,0,0,0,0,80,0.0,54346837,0,0,54346837.0,54346837.0,54346837.0,0.0,0.0368006697427487,40,54346837.0,54346837.0,54346837.0,0.0,54346837.0,0.0,0.0,0.0,0.0,0.0,20,0.0368006697427487,2,2,0.0,0.0,0.0,0.0,0.0,0.0,0.0,0.0,0.0
0,0.0,0.0,0.0,0.0,48.0,32.0,48.0,-1,96,0,0,16,156053.0,156053.0,156053.0,0.0,156053.0,48.0,48.0,48.0,0.0,96.0,12.716902671185409,2,2,1017.3522136948324,-1,64,0,0,0,0,0,0,0,53,1.0,157271,0,0,155790.0,52423.66666666667,263.0,89519.14407730523,25.43380534237081,16,157008.0,157008.0,157008.0,0.0,157008.0,32.0,32.0,32.0,0.0,64.0,8,12.716902671185409,2,2,0.0,0.0,0.0,0.0,48.0,38.4,32.0,8.763560920082657,76.8
0,0.0,0.0,0.0,0.0,32.25,108.6666667,65.0,219,129,0,0,92,11990.0,4119.666667,1.0,6818.378277,12359.0,112.0,32.25,0.0,53.7672453,129.0,313.7993253,4,4,35694.67326,8192,326,0,1,0,1,1,0,0,8080,1.0,12747,0,0,11990.0,2124.5,1.0,4835.388495,549.1488193,72,431.0,246.0,61.0,261.629509,492.0,326.0,108.6666667,0.0,188.2161878,326.0,20,235.349494,3,3,0.0,0.0,0.0,0.0,326.0,56.875,0.0,115.4066568,13318.69643
0,0.0,0.0,0.0,0.0,64.0,34.0,66.0,-1,64,0,0,8,0.0,0.0,0.0,0.0,0.0,64.0,64.0,64.0,0.0,64.0,249.4387627837,1,1,24444.9987528062,-1,34,0,0,0,0,0,0,0,53,1.0,4009,0,0,4009.0,4009.0,4009.0,0.0,498.8775255675,8,0.0,0.0,0.0,0.0,0.0,34.0,34.0,34.0,0.0,34.0,8,249.4387627837,1,1,0.0,0.0,0.0,0.0,64.0,44.0,34.0,17.3205080757,300.0
1,0.0,0.0,0.0,0.0,0.0,0.0,0.0,64002,0,0,0,20,0.0,0.0,0.0,0.0,0.0,0.0,0.0,0.0,0.0,0.0,17857.1428571429,1,1,0.0,48180,0,0,0,0,0,0,0,1,51079,1.0,56,0,0,56.0,56.0,56.0,0.0,35714.2857142857,20,0.0,0.0,0.0,0.0,0.0,0.0,0.0,0.0,0.0,0.0,20,17857.1428571429,1,1,0.0,0.0,0.0,0.0,0.0,0.0,0.0,0.0,0.0
0,0.0,0.0,0.0,0.0,469.8888888888889,135.5,312.52941176470586,63,4229,0,0,192,4999929.0,673842.6250000001,0.0,1752265.5502301618,5390741.0,1460.0,469.8888888888889,0.0,608.4253126811138,4229.0,1.6659049778906645,9,9,983.4392386147888,8192,1084,0,1,0,1,1,0,0,443,1.0,5402469,0,0,4999907.0,337654.31250000006,0.0,1244563.807725835,3.146709402682366,172,183163.0,57508.857142857145,174.0,82381.67115814975,402562.0,767.0,135.49999999999997,0.0,265.58937156014787,1084.0,20,1.4808044247917018,8,8,0.0,0.0,0.0,0.0,1460.0,295.16666666666663,0.0,486.3451026005396,236531.55882352943
0,0.0,0.0,0.0,0.0,57.75,24.25,41.0,141,231,0,0,92,5978593.0,1993068.66666667,233.0,3451565.32085029,5979206.0,231.0,57.75,0.0,115.5,231.0,0.6689681401,4,4,54.8553874847,8192,97,0,0,0,1,0,0,0,80,1.0,5979358,0,0,5917385.0,854194.0,43.0,2232773.31533618,1.3379362801,92,61610.0,20657.6666666667,168.0,35465.7635802944,61973.0,97.0,24.25,0.0,48.5,97.0,20,0.6689681401,4,4,0.0,0.0,0.0,0.0,231.0,36.4444444444,0.0,79.6996096463,6352.0277777778
0,0.0,0.0,0.0,0.0,122.0,53.6666666667,92.7142857143,149,488,0,0,92,40225.0,13471.3333333333,29.0,23169.4475621093,40414.0,488.0,122.0,0.0,244.0,488.0,98.1402424064,4,4,15923.2543304382,8192,161,0,0,0,1,0,0,0,80,1.0,40758,0,0,39866.0,6793.0,29.0,16202.8832002209,171.7454242112,72,39866.0,20134.5,403.0,27904.5549059647,40269.0,161.0,53.6666666667,0.0,92.9533933395,161.0,20,73.6051818048,3,3,0.0,0.0,0.0,0.0,488.0,81.125,0.0,173.7875858627,30202.125
1,0.0,0.0,0.0,0.0,0.0,0.0,0.0,-1,0,0,0,0,0.0,0.0,0.0,0.0,0.0,0.0,0.0,0.0,0.0,0.0,0.0,0,0,0.0,123,0,0,0,0,0,0,0,0,49776,0.0,109,0,0,109.0,109.0,109.0,0.0,18348.623853211007,40,109.0,109.0,109.0,0.0,109.0,0.0,0.0,0.0,0.0,0.0,20,18348.623853211007,2,2,0.0,0.0,0.0,0.0,0.0,0.0,0.0,0.0,0.0
0,0.0,0.0,0.0,0.0,225.8571428571429,114.8,160.52941176470588,62852,1581,0,0,152,937537.0,382394.0,104496.0,379577.3010278671,2294364.0,1173.0,225.8571428571429,0.0,430.0986044197418,1581.0,2.8620761418559417,7,7,1115.800827303552,8192,1148,0,1,0,1,1,0,0,3389,0.0,2445777,0,0,937537.0,152861.0625,4.0,261852.18082026576,6.950756344507287,212,1152344.0,271753.0,4.0,381016.0983439545,2445777.0,677.0,114.8,0.0,210.0924664152536,1148.0,20,4.088680202651346,10,10,0.0,0.0,0.0,0.0,1173.0,151.61111111111114,0.0,305.08265782337605,93075.42810457516
0,0.0,0.0,0.0,0.0,56.0,40.0,68.0,-1,56,0,0,8,0.0,0.0,0.0,0.0,0.0,56.0,56.0,56.0,0.0,56.0,1876.1726078799,1,1,180112.570356473,-1,40,0,0,0,0,0,0,0,53,1.0,533,0,0,533.0,533.0,533.0,0.0,3752.3452157599,8,0.0,0.0,0.0,0.0,0.0,40.0,40.0,40.0,0.0,40.0,8,1876.1726078799,1,1,0.0,0.0,0.0,0.0,56.0,45.3333333333,40.0,9.237604307,85.3333333333
0,0.0,0.0,0.0,0.0,202.0,40.0,131.0,-1,404,0,0,64,3.0,3.0,3.0,0.0,3.0,202.0,202.0,202.0,0.0,404.0,10695.1871657754,2,2,2588235.29411765,-1,80,0,0,0,0,0,0,0,53,1.0,187,0,0,181.0,62.3333333333,3.0,102.7683479158,21390.3743315508,64,3.0,3.0,3.0,0.0,3.0,40.0,40.0,40.0,0.0,80.0,32,10695.1871657754,2,2,0.0,0.0,0.0,0.0,202.0,104.8,40.0,88.7310543158,7873.2
1,0.0,0.0,0.0,0.0,0.0,10.333333333333334,7.75,0,0,0,0,20,0.0,0.0,0.0,0.0,0.0,0.0,0.0,0.0,0.0,0.0,203.2520325203252,1,1,6300.8130081300815,1053,31,0,0,0,0,0,0,0,53288,0.0,4920,0,0,4908.0,1640.0,0.0,2830.1773796000844,813.0081300813008,60,4908.0,2454.0,0.0,3470.480082063575,4908.0,31.0,10.333333333333332,0.0,17.8978583448784,31.0,20,609.7560975609756,3,3,0.0,0.0,0.0,0.0,31.0,6.2,0.0,13.863621460498695,192.2
1,0.0,0.0,0.0,0.0,0.0,0.0,0.0,-1,0,0,0,0,0.0,0.0,0.0,0.0,0.0,0.0,0.0,0.0,0.0,0.0,0.0,0,0,0.0,127,0,0,0,0,0,0,0,0,51769,0.0,69,0,0,69.0,69.0,69.0,0.0,28985.5072463768,40,69.0,69.0,69.0,0.0,69.0,0.0,0.0,0.0,0.0,0.0,20,28985.5072463768,2,2,0.0,0.0,0.0,0.0,0.0,0.0,0.0,0.0,0.0
0,0.0,0.0,0.0,0.0,139.0,40.0,109.5,-1,139,0,0,8,0.0,0.0,0.0,0.0,0.0,139.0,139.0,139.0,0.0,139.0,1223.9902080783354,1,1,219094.247246022,-1,40,0,0,0,0,0,0,0,53,1.0,817,0,0,817.0,817.0,817.0,0.0,2447.980416156671,8,0.0,0.0,0.0,0.0,0.0,40.0,40.0,40.0,0.0,40.0,8,1223.9902080783354,1,1,0.0,0.0,0.0,0.0,139.0,73.0,40.0,57.15767664977295,3267.0
0,0.0,0.0,0.0,0.0,73.0,45.0,70.25,-1,146,0,0,16,18079.0,18079.0,18079.0,0.0,18079.0,73.0,73.0,73.0,0.0,146.0,106.19656985079382,2,2,12531.195242393673,-1,90,0,0,0,0,0,0,0,53,1.0,18833,0,0,17664.0,6277.666666666666,415.0,9862.310598096845,212.39313970158764,16,18418.0,18418.0,18418.0,0.0,18418.0,45.0,45.0,45.0,0.0,90.0,8,106.19656985079382,2,2,0.0,0.0,0.0,0.0,73.0,56.2,45.0,15.336231610144653,235.20000000000005
0,0.0,0.0,0.0,0.0,129.0,32.0,88.5,-1,258,0,0,40,48.0,48.0,48.0,0.0,48.0,129.0,129.0,129.0,0.0,258.0,7905.13834,2,2,1272727.273,-1,64,0,0,0,0,0,0,0,53,1.0,253,0,0,204.0,84.33333333,1.0,106.265391,15810.27668,40,1.0,1.0,1.0,0.0,1.0,32.0,32.0,32.0,0.0,64.0,20,7905.13834,2,2,0.0,0.0,0.0,0.0,129.0,70.8,32.0,53.12908808,2822.7
1,0.0,0.0,0.0,0.0,0.0,0.0,0.0,-1,0,0,0,0,0.0,0.0,0.0,0.0,0.0,0.0,0.0,0.0,0.0,0.0,0.0,0,0,0.0,63964,0,0,0,0,0,0,0,0,65056,0.0,146,0,0,146.0,146.0,146.0,0.0,13698.6301369863,40,146.0,146.0,146.0,0.0,146.0,0.0,0.0,0.0,0.0,0.0,20,13698.6301369863,2,2,0.0,0.0,0.0,0.0,0.0,0.0,0.0,0.0,0.0
0,0.0,0.0,0.0,0.0,197.625,202.7777778,200.3529412,62852,1581,0,0,184,561474.0,389271.5714,343704.0,79331.82604,2724901.0,1173.0,197.625,0.0,406.121705,1581.0,2.607164227,8,8,1110.000169,8192,1825,0,0,0,1,0,0,0,3389,0.0,3068468,0,0,561435.0,191779.25,39.0,198160.2821,5.540223981,192,735191.0,383558.5,169.0,217396.0585,3068468.0,677.0,202.7777778,0.0,277.7812889,1825.0,20,2.933059755,9,9,0.0,0.0,0.0,0.0,1173.0,189.2222222,0.0,326.2863332,106462.7712
0,0.0,0.0,0.0,0.0,0.0,50.0,66.6666666667,-1,0,0,0,0,0.0,0.0,0.0,0.0,0.0,0.0,0.0,0.0,0.0,0.0,0.0,0,0,99.7581861568,-1,150,0,0,0,0,0,0,0,137,0.0,1503636,0,0,752664.0,751818.0,750972.0,1196.4246737676,1.9951637231,24,752664.0,751818.0,750972.0,1196.4246737676,1503636.0,50.0,50.0,50.0,0.0,150.0,8,1.9951637231,3,3,0.0,0.0,0.0,0.0,50.0,50.0,50.0,0.0,0.0
1,0.0,0.0,0.0,0.0,0.0,0.0,0.0,-1,0,0,0,0,0.0,0.0,0.0,0.0,0.0,0.0,0.0,0.0,0.0,0.0,0.0,0,0,0.0,440,0,0,0,0,0,0,0,0,50997,0.0,1,0,0,1.0,1.0,1.0,0.0,2000000.0,40,1.0,1.0,1.0,0.0,1.0,0.0,0.0,0.0,0.0,0.0,20,2000000.0,2,2,0.0,0.0,0.0,0.0,0.0,0.0,0.0,0.0,0.0
1,0.0,0.0,0.0,0.0,0.0,0.0,0.0,-1,0,0,0,0,0.0,0.0,0.0,0.0,0.0,0.0,0.0,0.0,0.0,0.0,0.0,0,0,0.0,2049,0,0,0,0,0,0,0,0,80,0.0,20044443,0,0,20000000.0,20000000.0,20000000.0,0.0,0.099778278,40,20000000.0,20000000.0,20000000.0,0.0,20000000.0,0.0,0.0,0.0,0.0,0.0,20,0.099778278,2,2,20000000.0,20000000.0,20000000.0,0.0,0.0,0.0,0.0,0.0,0.0
1,0.0,0.0,0.0,0.0,0.0,0.0,0.0,-1,0,0,0,0,0.0,0.0,0.0,0.0,0.0,0.0,0.0,0.0,0.0,0.0,0.0,0,0,0.0,32738,0,0,0,0,0,0,0,0,80,0.0,10868,0,0,10868.0,10868.0,10868.0,0.0,184.0264998,40,10868.0,10868.0,10868.0,0.0,10868.0,0.0,0.0,0.0,0.0,0.0,20,184.0264998,2,2,0.0,0.0,0.0,0.0,0.0,0.0,0.0,0.0,0.0
1,0.0,0.0,0.0,0.0,0.0,0.0,0.0,-1,0,0,0,0,0.0,0.0,0.0,0.0,0.0,0.0,0.0,0.0,0.0,0.0,0.0,0,0,0.0,192,0,0,0,0,0,0,0,0,50027,0.0,1,0,0,1.0,1.0,1.0,0.0,2000000.0,40,1.0,1.0,1.0,0.0,1.0,0.0,0.0,0.0,0.0,0.0,20,2000000.0,2,2,0.0,0.0,0.0,0.0,0.0,0.0,0.0,0.0,0.0
1,0.0,0.0,0.0,0.0,0.0,0.0,0.0,256,0,0,0,20,0.0,0.0,0.0,0.0,0.0,0.0,0.0,0.0,0.0,0.0,17543.85965,1,1,0.0,290,0,0,0,0,0,0,0,1,50642,1.0,57,0,0,57.0,57.0,57.0,0.0,35087.7193,20,0.0,0.0,0.0,0.0,0.0,0.0,0.0,0.0,0.0,0.0,20,17543.85965,1,1,0.0,0.0,0.0,0.0,0.0,0.0,0.0,0.0,0.0
1,0.0,0.0,0.0,0.0,0.0,0.0,0.0,-1,0,0,0,0,0.0,0.0,0.0,0.0,0.0,0.0,0.0,0.0,0.0,0.0,0.0,0,0,0.0,225,0,0,0,0,0,0,0,0,80,0.0,3513,0,0,3513.0,3513.0,3513.0,0.0,569.3139767,64,3513.0,3513.0,3513.0,0.0,3513.0,0.0,0.0,0.0,0.0,0.0,32,569.3139767,2,2,0.0,0.0,0.0,0.0,0.0,0.0,0.0,0.0,0.0
0,0.0,0.0,0.0,0.0,32.25,108.6666667,65.0,219,129,0,0,92,9873.0,3406.333333,17.0,5602.469931,10219.0,112.0,32.25,0.0,53.7672453,129.0,374.2164842,4,4,42567.12508,8192,326,0,1,0,1,1,0,0,8080,1.0,10689,0,0,9873.0,1781.5,17.0,3967.969191,654.8788474,72,492.0,271.0,50.0,312.5411973,542.0,326.0,108.6666667,0.0,188.2161878,326.0,20,280.6623632,3,3,0.0,0.0,0.0,0.0,326.0,56.875,0.0,115.4066568,13318.69643
0,109337.0,109337.0,109337.0,0.0,388.84615384615387,59.22222222222222,254.0,31,5055,0,0,272,39395366.0,3291089.25,1.0,11369910.329695515,39493071.0,1460.0,388.8461538461538,0.0,617.3567102513001,5055.0,0.3290744434484177,13,13,141.451383845366,8192,533,0,1,0,1,1,0,0,443,1.0,39504739,0,0,39395366.0,1881178.047619048,1.0,8595589.103118002,0.5568952119896299,192,25110.0,7139.375,65.0,8985.511225419667,57115.0,192.0,59.22222222222223,0.0,82.11847809381543,533.0,20,0.2278207685412122,9,9,39395366.0,39395366.0,39395366.0,0.0,1460.0,242.9565217391304,0.0,489.2963851993696,239410.9525691699
0,0.0,0.0,0.0,0.0,89.0,33.0,77.5,-1,89,0,0,8,0.0,0.0,0.0,0.0,0.0,89.0,89.0,89.0,0.0,89.0,52.4493863421798,1,1,6398.825133745935,-1,33,0,0,0,0,0,0,0,53,1.0,19066,0,0,19066.0,19066.0,19066.0,0.0,104.8987726843596,8,0.0,0.0,0.0,0.0,0.0,33.0,33.0,33.0,0.0,33.0,8,52.4493863421798,1,1,0.0,0.0,0.0,0.0,89.0,51.66666666666667,33.0,32.331615074619044,1045.3333333333337
0,0.0,0.0,0.0,0.0,207.0,30.0,133.5,-1,207,0,0,8,0.0,0.0,0.0,0.0,0.0,207.0,207.0,207.0,0.0,207.0,547.3453749316,1,1,129720.853858785,-1,30,0,0,0,0,0,0,0,53,1.0,1827,0,0,1827.0,1827.0,1827.0,0.0,1094.6907498632,8,0.0,0.0,0.0,0.0,0.0,30.0,30.0,30.0,0.0,30.0,8,547.3453749316,1,1,0.0,0.0,0.0,0.0,207.0,89.0,30.0,102.1909976466,10443.0
1,0.0,0.0,0.0,0.0,0.0,0.0,0.0,-1,0,0,0,0,0.0,0.0,0.0,0.0,0.0,0.0,0.0,0.0,0.0,0.0,0.0,0,0,0.0,2239,0,0,0,0,0,0,0,0,80,0.0,54936049,0,0,54936049.0,54936049.0,54936049.0,0.0,0.036405967236559,40,54936049.0,54936049.0,54936049.0,0.0,54936049.0,0.0,0.0,0.0,0.0,0.0,20,0.036405967236559,2,2,0.0,0.0,0.0,0.0,0.0,0.0,0.0,0.0,0.0
1,0.0,0.0,0.0,0.0,0.0,25.66666667,41.0,-1,0,0,0,0,0.0,0.0,0.0,0.0,0.0,0.0,0.0,0.0,0.0,0.0,0.0,0,0,373786.4078,256,77,0,0,0,0,0,1,0,443,0.0,206,1,0,186.0,103.0,20.0,117.3797257,14563.1068,60,186.0,103.0,20.0,117.3797257,206.0,46.0,25.66666667,0.0,23.45918441,77.0,20,14563.1068,3,3,0.0,0.0,0.0,0.0,46.0,30.75,0.0,21.68524844,470.25
0,0.0,0.0,0.0,0.0,99.0,43.0,81.75,-1,198,0,0,16,42.0,42.0,42.0,0.0,42.0,99.0,99.0,99.0,0.0,198.0,17.8945296423,2,2,2541.023209205,-1,86,0,0,0,0,0,0,0,53,1.0,111766,0,0,73197.0,37255.3333333333,42.0,36594.0754540039,35.7890592846,16,38527.0,38527.0,38527.0,0.0,38527.0,43.0,43.0,43.0,0.0,86.0,8,17.8945296423,2,2,0.0,0.0,0.0,0.0,99.0,65.4,43.0,30.6724632203,940.8
1,0.0,0.0,0.0,0.0,0.0,6.0,9.0,-1,0,0,0,0,0.0,0.0,0.0,0.0,0.0,0.0,0.0,0.0,0.0,0.0,0.0,0,0,4000000.0,7875,12,0,0,0,0,0,0,0,61446,0.0,3,0,0,3.0,3.0,3.0,0.0,666666.666666667,40,3.0,3.0,3.0,0.0,3.0,6.0,6.0,6.0,0.0,12.0,20,666666.666666667,2,2,0.0,0.0,0.0,0.0,6.0,6.0,6.0,0.0,0.0
0,0.0,0.0,0.0,0.0,252.0,44.0,170.0,-1,252,0,0,8,0.0,0.0,0.0,0.0,0.0,252.0,252.0,252.0,0.0,252.0,3937.007874015748,1,1,1165354.3307086611,-1,44,0,0,0,0,0,0,0,53,1.0,254,0,0,254.0,254.0,254.0,0.0,7874.015748031496,8,0.0,0.0,0.0,0.0,0.0,44.0,44.0,44.0,0.0,44.0,8,3937.007874015748,1,1,0.0,0.0,0.0,0.0,252.0,113.33333333333331,44.0,120.08885599144216,14421.333333333332
1,4.0,4.0,4.0,0.0,1932.5,59.0,923.6923077,235,11595,0,0,200,141260.0,30710.8,15.0,62015.31791,153554.0,4344.0,1932.5,0.0,1754.831473,11595.0,0.059740869,6,6,119.5613929,274,413,0,0,0,0,0,0,0,80,0.0,100433758,0,0,99300000.0,8369479.833,1.0,28600000.0,0.12943855,240,99300000.0,16700000.0,1.0,40500000.0,100000000.0,413.0,59.0,0.0,156.0993274,413.0,32,0.069697681,7,7,99300000.0,99300000.0,99300000.0,0.0,4344.0,857.7142857,0.0,1459.07349,2128895.451
1,40670.0,40670.0,40670.0,0.0,0.0,0.6666666667,0.6,983,0,0,0,64,10194212.0,10194212.0,10194212.0,0.0,10194212.0,0.0,0.0,0.0,0.0,0.0,0.1370655741,2,2,0.1370655741,251,2,0,0,0,0,0,0,0,80,0.0,14591556,0,0,10153638.0,3647889.0,40574.0,4790681.81126695,0.3426639352,60,10194308.0,7295778.0,4397248.0,4099140.43694529,14591556.0,1.0,0.6666666667,0.0,0.5773502692,2.0,20,0.2055983611,3,3,10153638.0,10153638.0,10153638.0,0.0,1.0,0.5,0.0,0.5477225575,0.3
0,0.0,0.0,0.0,0.0,2320.2,8.666666667,1453.375,229,11601,0,0,112,507175.0,128424.5,188.0,252515.9508,513698.0,7300.0,2320.2,0.0,3022.508098,11601.0,9.731602406,5,5,22629.86823,8192,26,0,0,0,1,0,0,0,80,1.0,513790,0,0,507175.0,73398.57143,45.0,191288.7368,15.57056385,72,5841.0,3096.5,352.0,3881.309122,6193.0,20.0,8.666666667,0.0,10.26320288,26.0,20,5.838961443,3,3,0.0,0.0,0.0,0.0,7300.0,1291.888889,0.0,2460.652985,6054813.111
1,11932.0,11717.333333333334,11555.0,193.8719508679204,0.0,60.0,45.71428571428572,133,0,0,0,60,31030998.0,31030689.0,31030380.0,436.9919907732864,62061378.0,0.0,0.0,0.0,0.0,0.0,0.0443589040482157,3,3,3.5487123238572607,254,240,0,0,0,0,0,1,0,443,0.0,67630165,1,0,31019333.0,11271694.166666666,11555.0,15446163.531680526,0.1035041094458367,80,31030888.0,22543388.333333336,5569164.0,14700109.48730996,67630165.0,80.0,60.0,0.0,40.0,240.0,20,0.059145205397621,4,4,31019333.0,22531671.0,5557232.0,14700295.395649264,80.0,40.0,0.0,42.76179870598791,1828.571428571429
0,0.0,0.0,0.0,0.0,57.75,24.25,41.0,141,231,0,0,92,6543129.0,2181251.0,311.0,3777497.156208592,6543753.0,231.0,57.75,0.0,115.5,231.0,0.6112529217889661,4,4,50.12273958669522,8192,97,0,0,0,1,0,0,0,80,1.0,6543936,0,0,6481809.0,934848.0,39.0,2446086.082743887,1.222505843577932,92,61805.0,20709.0,100.0,35590.23226954272,62127.0,97.0,24.25,0.0,48.5,97.0,20,0.6112529217889661,4,4,0.0,0.0,0.0,0.0,231.0,36.44444444444444,0.0,79.6996096463325,6352.027777777778
0,0.0,0.0,0.0,0.0,225.8571429,141.5,180.8666667,62868,1581,0,0,148,968857.0,223290.1667,63804.0,365661.396,1339741.0,1173.0,225.8571429,0.0,430.0986044,1581.0,4.988878365,7,7,1933.546715,8192,1132,0,0,0,1,0,0,0,3389,0.0,1403121,0,0,968857.0,100222.9286,59.0,251848.0138,10.69045364,168,1077699.0,200445.8571,127.0,387591.5832,1403121.0,661.0,141.5,0.0,222.7920235,1132.0,20,5.701575274,8,8,0.0,0.0,0.0,0.0,1173.0,169.5625,0.0,317.7627981,100973.1958
0,0.0,0.0,0.0,0.0,160.0,30.0,110.0,-1,160,0,0,8,0.0,0.0,0.0,0.0,0.0,160.0,160.0,160.0,0.0,160.0,395.256917,1,1,75098.81423,-1,30,0,0,0,0,0,0,0,53,1.0,2530,0,0,2530.0,2530.0,2530.0,0.0,790.513834,8,0.0,0.0,0.0,0.0,0.0,30.0,30.0,30.0,0.0,30.0,8,395.256917,1,1,0.0,0.0,0.0,0.0,160.0,73.33333333,30.0,75.05553499,5633.333333
0,0.0,0.0,0.0,0.0,135.0,35.0,93.75,-1,270,0,0,16,21.0,21.0,21.0,0.0,21.0,135.0,135.0,135.0,0.0,270.0,43.66907574401188,2,2,7423.74287648202,-1,70,0,0,0,0,0,0,0,53,1.0,45799,0,0,25886.0,15266.333333333332,21.0,13538.72779596862,87.33815148802375,16,25886.0,25886.0,25886.0,0.0,25886.0,35.0,35.0,35.0,0.0,70.0,8,43.66907574401188,2,2,0.0,0.0,0.0,0.0,135.0,75.0,35.0,54.77225575051661,3000.0
0,0.0,0.0,0.0,0.0,225.8571428571429,127.55555555555556,170.5625,62852,1581,0,0,152,1360142.0,464696.0,43268.0,553763.4432109075,2788176.0,1173.0,225.8571428571429,0.0,430.0986044197418,1581.0,2.41683581640196,7,7,942.2207061372784,8192,1148,0,1,0,1,1,0,0,3389,0.0,2896349,0,0,1205912.0,193089.9333333333,45.0,367808.4462246748,5.524196151775908,192,1205912.0,362043.625,45.0,497555.0906904502,2896349.0,677.0,127.55555555555556,0.0,218.69105555046775,1148.0,20,3.1073603353739485,9,9,0.0,0.0,0.0,0.0,1173.0,160.5294117647059,0.0,312.04409096453395,97371.51470588232
1,0.0,0.0,0.0,0.0,6.0,0.0,4.5,0,18,0,0,60,48.0,24.5,1.0,33.2340187158,49.0,6.0,6.0,6.0,0.0,18.0,30000.0,3,3,180000.0,972,0,0,0,0,0,0,0,0,61964,3.0,100,0,0,51.0,33.3333333333,1.0,28.0416357107,40000.0,32,0.0,0.0,0.0,0.0,0.0,0.0,0.0,0.0,0.0,0.0,32,10000.0,1,1,0.0,0.0,0.0,0.0,6.0,3.6,0.0,3.286335345,10.8
0,0.0,0.0,0.0,0.0,122.0,53.6666666667,92.7142857143,149,488,0,0,92,340.0,196.0,0.0,175.8635834958,588.0,488.0,122.0,0.0,244.0,488.0,4956.6294919455,4,4,804213.135068154,8192,161,0,0,0,1,0,0,0,80,1.0,807,0,0,248.0,134.5,0.0,94.8319566391,8674.1016109046,72,275.0,200.0,125.0,106.066017178,400.0,161.0,53.6666666667,0.0,92.9533933395,161.0,20,3717.4721189591,3,3,0.0,0.0,0.0,0.0,488.0,81.125,0.0,173.7875858627,30202.125
0,0.0,0.0,0.0,0.0,225.8571428571,104.3636363636,151.6111111111,62852,1581,0,0,148,2588230.0,689256.0,25604.0,987827.340892932,4135536.0,1173.0,225.8571428571,0.0,430.0986044197,1581.0,1.6217097825,7,7,632.2351423583,8192,1148,0,0,0,1,0,0,0,3389,0.0,4316432,0,0,2421562.0,253907.764705882,65.0,602577.573023023,4.1701108693,228,2421562.0,431643.2,65.0,782761.273738722,4316432.0,677.0,104.3636363636,0.0,202.2944748268,1148.0,20,2.5484010868,11,11,0.0,0.0,0.0,0.0,1173.0,143.6315789474,0.0,298.5202785828,89114.3567251462
1,0.0,0.0,0.0,0.0,0.0,0.0,0.0,-1,0,0,0,0,0.0,0.0,0.0,0.0,0.0,0.0,0.0,0.0,0.0,0.0,0.0,0,0,0.0,279,0,0,0,0,0,0,0,0,80,0.0,54004734,0,0,54004734.0,54004734.0,54004734.0,0.0,0.0370337904,40,54004734.0,54004734.0,54004734.0,0.0,54004734.0,0.0,0.0,0.0,0.0,0.0,20,0.0370337904,2,2,0.0,0.0,0.0,0.0,0.0,0.0,0.0,0.0,0.0
0,0.0,0.0,0.0,0.0,241.0,6.666666667,140.5714286,211,964,0,0,92,1403224.0,467876.0,25.0,810035.1487,1403628.0,964.0,241.0,0.0,482.0,964.0,2.849745731,4,4,701.0374499,8192,20,0,1,0,1,1,0,0,80,1.0,1403634,0,0,1403224.0,233939.0,1.0,572830.3411,4.98705503,72,377.0,189.0,1.0,265.8721497,378.0,20.0,6.666666667,0.0,11.54700538,20.0,20,2.137309299,3,3,0.0,0.0,0.0,0.0,964.0,123.0,0.0,339.8873763,115523.4286
0,0.0,0.0,0.0,0.0,175.0,47.0,134.5,-1,175,0,0,8,0.0,0.0,0.0,0.0,0.0,175.0,175.0,175.0,0.0,175.0,1138.9521640091116,1,1,252847.3804100228,-1,47,0,0,0,0,0,0,0,53,1.0,878,0,0,878.0,878.0,878.0,0.0,2277.904328018223,8,0.0,0.0,0.0,0.0,0.0,47.0,47.0,47.0,0.0,47.0,8,1138.9521640091116,1,1,0.0,0.0,0.0,0.0,175.0,89.66666666666666,47.0,73.9008344562721,5461.333333333333
1,0.0,0.0,0.0,0.0,0.0,0.0,0.0,-1,0,0,0,0,0.0,0.0,0.0,0.0,0.0,0.0,0.0,0.0,0.0,0.0,0.0,0,0,0.0,225,0,0,0,0,0,0,0,0,80,0.0,38138,0,0,38138.0,38138.0,38138.0,0.0,52.44113483,64,38138.0,38138.0,38138.0,0.0,38138.0,0.0,0.0,0.0,0.0,0.0,32,52.44113483,2,2,0.0,0.0,0.0,0.0,0.0,0.0,0.0,0.0,0.0
0,0.0,0.0,0.0,0.0,125.0,40.0,92.5,-1,250,0,0,16,24.0,24.0,24.0,0.0,24.0,125.0,125.0,125.0,0.0,250.0,96.5996908809892,2,2,15938.948995363216,-1,80,0,0,0,0,0,0,0,53,1.0,20704,0,0,19863.0,6901.333333333334,24.0,11232.133115901595,193.1993817619784,16,19863.0,19863.0,19863.0,0.0,19863.0,40.0,40.0,40.0,0.0,80.0,8,96.5996908809892,2,2,0.0,0.0,0.0,0.0,125.0,74.0,40.0,46.55641738793912,2167.5
0,0.0,0.0,0.0,0.0,1067.9333333333334,56.52173913043478,629.0188679245283,134,32038,0,0,612,43394.0,4525.689655172414,0.0,13366.329170994895,131245.0,1350.0,1067.9333333333334,0.0,521.3031372623229,32038.0,171.94736118116376,30,30,191079.37090192124,8192,1300,0,1,0,1,1,0,0,443,1.0,174472,0,0,43227.0,3355.2307692307686,0.0,11559.654763851162,303.773671420056,664,43846.0,7929.272727272724,3.0,17119.07683643022,174444.0,732.0,56.5217391304348,0.0,182.4375035121535,1300.0,20,131.8263102388922,23,23,0.0,0.0,0.0,0.0,1350.0,617.3703703703704,0.0,648.9355666563193,421117.3696715583
0,248214.0,248214.0,248214.0,0.0,1006.0,112.0,596.25,118,13078,0,0,272,6909299.0,592243.5833,48.0,1989547.846,7106923.0,2065.0,1006.0,0.0,825.8147492,13078.0,1.816204315,13,13,1999.221826,8192,1232,0,0,0,1,0,0,0,443,1.0,7157785,0,0,6909297.0,311208.0435,2.0,1438475.578,3.352992581,232,6909571.0,715778.5,195.0,2176442.406,7157785.0,458.0,112.0,0.0,183.5216608,1232.0,20,1.536788266,11,11,6909297.0,6909297.0,6909297.0,0.0,2065.0,572.4,0.0,753.4324234,567660.4167
0,0.0,0.0,0.0,0.0,0.0,0.0,0.0,8192,0,0,0,32,0.0,0.0,0.0,0.0,0.0,0.0,0.0,0.0,0.0,0.0,5.869061243654078,1,1,0.0,8192,0,0,0,0,1,0,0,0,445,0.0,170385,0,0,169814.0,56795.0,74.0,97877.5536218596,23.47624497461631,72,169888.0,85192.5,497.0,119777.52477197048,170385.0,0.0,0.0,0.0,0.0,0.0,20,17.60718373096223,3,3,0.0,0.0,0.0,0.0,0.0,0.0,0.0,0.0,0.0
0,0.0,0.0,0.0,0.0,6.0,2.0,4.5,0,12,0,0,40,48.0,48.0,48.0,0.0,48.0,6.0,6.0,6.0,0.0,12.0,29411.76471,2,2,235294.1176,1024,4,0,0,0,1,0,0,0,1718,1.0,68,0,0,28.0,22.66666667,20.0,4.618802154,58823.52941,48,48.0,48.0,48.0,0.0,48.0,2.0,2.0,2.0,0.0,4.0,24,29411.76471,2,2,0.0,0.0,0.0,0.0,6.0,3.6,2.0,2.19089023,4.8
0,1511684.0,786941.0,62198.0,1024941.379834964,917.3048780487804,53.28,715.4299065420561,296,75219,0,0,1652,58610175.0,1458905.3333333335,0.0,9106550.418439312,118171332.0,1460.0,917.3048780487804,0.0,646.5545662482052,75219.0,0.6935422111061127,82,82,647.4554853949272,8192,1332,0,1,0,1,1,0,0,443,3.0,118233611,0,0,58598735.0,1115411.424528302,0.0,7967961.355868204,0.9049880071750496,524,58598735.0,4926400.458333333,105.0,16439220.05758742,118233611.0,199.0,53.28000000000001,0.0,73.10695361363834,1332.0,20,0.2114457960689368,25,25,58598735.0,58298680.0,57998625.0,424341.8504578591,1460.0,708.8055555555553,0.0,675.3253208201289,456064.28894081
0,0.0,0.0,0.0,0.0,0.0,0.0,0.0,8192,0,0,0,32,0.0,0.0,0.0,0.0,0.0,0.0,0.0,0.0,0.0,0.0,6.522859360629326,1,1,0.0,8192,0,0,0,0,1,0,0,0,445,0.0,153307,0,0,152486.0,51102.33333333333,59.0,87801.53445318216,26.091437442517304,72,152545.0,76653.5,762.0,107326.78856883774,153307.0,0.0,0.0,0.0,0.0,0.0,20,19.568578081887978,3,3,0.0,0.0,0.0,0.0,0.0,0.0,0.0,0.0,0.0
0,430604.0,49370.0909090909,10877.0,126441.62002319848,163.28571428571428,59.71428571428572,111.5,5412,3429,0,0,428,10203315.0,5591533.75,1.0,5159203.097478187,111830675.0,1400.0,163.2857142857143,0.0,420.0713204751239,3429.0,0.1814640833324548,21,21,40.46649058313742,8192,1254,0,1,0,1,1,0,0,443,1.0,115725380,0,0,10192104.0,2822570.2439024397,1.0,4512367.389646707,0.3629281666649096,432,10202982.0,5786269.0,13.0,4993937.915251007,115725380.0,894.0,59.71428571428571,0.0,197.2392311020155,1254.0,20,0.1814640833324548,21,21,10192104.0,10117074.999999998,10014519.0,55659.50872043298,1400.0,108.906976744186,0.0,324.8458106001243,105524.80066445182
0,0.0,0.0,0.0,0.0,770.875,60.44444444444444,394.7647058823529,110,6167,0,0,172,45433.0,8513.57142857143,0.0,16882.261616433807,59595.0,1460.0,770.8750000000001,0.0,741.0165676767481,6167.0,42.67577083111064,8,8,35799.637255947935,8192,544,0,1,0,1,1,0,0,443,0.0,187460,0,0,115604.0,11716.25,0.0,29104.87294022544,90.68601301611012,192,115604.0,23432.5,16.0,38834.57205708778,187460.0,194.0,60.44444444444444,0.0,85.76145858005084,544.0,20,48.01024218499947,9,9,0.0,0.0,0.0,0.0,1460.0,372.83333333333326,0.0,603.2930465370871,363962.5
1,0.0,0.0,0.0,0.0,0.0,0.0,0.0,-1,0,0,0,0,0.0,0.0,0.0,0.0,0.0,0.0,0.0,0.0,0.0,0.0,0.0,0,0,0.0,274,0,0,0,0,0,0,0,0,80,0.0,433,0,0,251.0,216.5,182.0,48.7903679,6928.406467,96,251.0,216.5,182.0,48.7903679,433.0,0.0,0.0,0.0,0.0,0.0,32,6928.406467,3,3,0.0,0.0,0.0,0.0,0.0,0.0,0.0,0.0,0.0
0,0.0,0.0,0.0,0.0,742.0,45.75,313.5384615,119,3710,0,0,112,32270.0,14594.0,49.0,15294.73323,58376.0,1992.0,742.0,0.0,923.7705343,3710.0,0.985363024,5,5,803.2679368,8192,366,0,0,0,1,0,0,0,443,0.0,5074272,0,0,4943075.0,422856.0,20.0,1423582.222,2.561943861,172,4943075.0,724896.0,49.0,1860209.174,5074272.0,209.0,45.75,0.0,79.07817109,366.0,20,1.576580838,8,8,0.0,0.0,0.0,0.0,1992.0,291.1428571,0.0,622.6523733,387695.978
1,0.0,0.0,0.0,0.0,0.0,25.666666666666668,30.75,0,0,0,0,20,0.0,0.0,0.0,0.0,0.0,0.0,0.0,0.0,0.0,0.0,23809.52380952381,1,1,1833333.3333333333,127,77,0,0,0,0,0,1,0,51566,0.0,42,1,0,26.0,14.0,1.0,12.529964086141668,95238.09523809524,60,41.0,21.0,1.0,28.284271247461906,42.0,46.0,25.666666666666664,0.0,23.45918441321721,77.0,20,71428.57142857143,3,3,0.0,0.0,0.0,0.0,46.0,24.6,0.0,23.276597689524987,541.8
0,0.0,0.0,0.0,0.0,122.0,53.6666666667,92.7142857143,149,488,0,0,92,373.0,175.0,0.0,187.5606568553,525.0,488.0,122.0,0.0,244.0,488.0,4944.3757725587,4,4,802224.969097651,8192,161,0,0,0,1,0,0,0,80,1.0,809,0,0,284.0,134.8333333333,0.0,99.0220514162,8652.6576019778,72,343.0,236.0,129.0,151.3208511739,472.0,161.0,53.6666666667,0.0,92.9533933395,161.0,20,3708.281829419,3,3,0.0,0.0,0.0,0.0,488.0,81.125,0.0,173.7875858627,30202.125
1,77960.0,77960.0,77960.0,0.0,126.0,37.0,79.0,7749,252,0,0,40,60014501.0,60014501.0,60014501.0,0.0,60014501.0,126.0,126.0,126.0,0.0,252.0,0.0332822362254642,2,2,6.656447245092851,254,148,0,0,0,0,0,1,0,443,0.0,60092116,1,0,59936222.0,12018423.2,30760.0,26786865.069646165,0.0998467086763927,80,59936222.0,20030705.333333336,77934.0,34559191.18447909,60092116.0,74.0,37.0,0.0,42.72391992003231,148.0,20,0.0665644724509285,4,4,59936222.0,59936222.0,59936222.0,0.0,126.0,67.71428571428571,0.0,51.77423518094139,2680.571428571429
0,0.0,0.0,0.0,0.0,32.25,108.6666667,65.0,219,129,0,0,92,9091.0,3141.333333,1.0,5155.219717,9424.0,112.0,32.25,0.0,53.7672453,129.0,403.1851628,4,4,45862.31227,8192,326,0,1,0,1,1,0,0,8080,1.0,9921,0,0,9091.0,1653.5,1.0,3648.549287,705.5740349,72,518.0,284.5,51.0,330.2188668,569.0,326.0,108.6666667,0.0,188.2161878,326.0,20,302.3888721,3,3,0.0,0.0,0.0,0.0,326.0,56.875,0.0,115.4066568,13318.69643
0,0.0,0.0,0.0,0.0,32.25,108.6666667,65.0,219,129,0,0,92,11150.0,3862.0,15.0,6314.856847,11586.0,112.0,32.25,0.0,53.7672453,129.0,333.3055579,4,4,37913.50721,8192,326,0,1,0,1,1,0,0,8080,1.0,12001,0,0,11150.0,2000.166667,15.0,4485.911119,583.2847263,72,436.0,242.5,49.0,273.6503243,485.0,326.0,108.6666667,0.0,188.2161878,326.0,20,249.9791684,3,3,0.0,0.0,0.0,0.0,326.0,56.875,0.0,115.4066568,13318.69643
1,0.0,0.0,0.0,0.0,110.1538461538,172.7,137.347826087,256,1432,0,0,272,1294537.0,353204.333333333,45586.0,374139.280436707,4238452.0,725.0,110.1538461538,0.0,196.4411897379,1432.0,0.1180635153,13,13,28.6894342227,62567,1727,0,0,0,0,0,0,0,7300,1.0,110110223,0,0,86360157.0,5005010.13636364,88.0,18631784.8424093,0.208881604,212,86360157.0,12213494.5555556,162086.0,28503166.1017084,109921451.0,1175.0,172.7,0.0,367.82968583,1727.0,20,0.0908180887,10,10,86360157.0,52935885.5,19511614.0,47269058.0677405,1175.0,131.625,0.0,273.5394117538,74823.8097826087
0,0.0,0.0,0.0,0.0,182.22222222222223,142.0,162.11111111111111,62856,1640,0,0,204,953169.0,259067.0,56230.0,294427.7857486572,2072536.0,1173.0,182.22222222222223,0.0,382.6920360347788,1640.0,4.067077863301898,9,9,1318.6370227905486,8192,1278,0,1,0,1,1,0,0,3389,1.0,2212891,0,0,953169.0,130170.0588235294,3.0,231731.89138864516,8.134155726603796,192,1147551.0,276611.375,3.0,370872.26923254377,2212891.0,677.0,142.0,0.0,213.2674377395668,1278.0,20,4.067077863301898,9,9,0.0,0.0,0.0,0.0,1173.0,153.5789473684211,0.0,295.1145381767473,87092.59064327486
0,0.0,0.0,0.0,0.0,73.0,45.0,81.5,-1,73,0,0,8,0.0,0.0,0.0,0.0,0.0,73.0,73.0,73.0,0.0,73.0,56.57708628005658,1,1,6676.096181046676,-1,45,0,0,0,0,0,0,0,53,1.0,17675,0,0,17675.0,17675.0,17675.0,0.0,113.15417256011315,8,0.0,0.0,0.0,0.0,0.0,45.0,45.0,45.0,0.0,45.0,8,56.57708628005658,1,1,0.0,0.0,0.0,0.0,73.0,54.333333333333336,45.0,16.165807537309522,261.33333333333337
0,0.0,0.0,0.0,0.0,225.8571428571429,143.5,181.9333333333333,62852,1581,0,0,152,968924.0,213015.3333333333,44454.0,370528.5900152195,1278092.0,1173.0,225.8571428571429,0.0,430.0986044197418,1581.0,5.295271927342817,7,7,2064.399584245507,8192,1148,0,0,0,1,0,0,0,3389,0.0,1321934,0,0,968924.0,94423.85714285714,41.0,252972.3769374092,11.347011272877468,172,1046601.0,188847.7142857143,41.0,378865.07534816593,1321934.0,677.0,143.5,0.0,228.12966237897004,1148.0,20,6.051739345534648,8,8,0.0,0.0,0.0,0.0,1173.0,170.56250000000003,0.0,319.4332415909987,102037.59583333335
0,0.0,0.0,0.0,0.0,57.75,24.25,41.0,141,231,0,0,92,4179668.0,1393383.0,235.0,2412993.592189793,4180149.0,231.0,57.75,0.0,115.5,231.0,0.956871413227312,4,4,78.46345588463957,8192,97,0,1,0,1,1,0,0,80,1.0,4180290,0,0,3973173.0,597184.2857142857,16.0,1490656.48192731,1.913742826454624,92,206888.0,69039.0,72.0,119380.74345136236,207117.0,97.0,24.25,0.0,48.5,97.0,20,0.956871413227312,4,4,0.0,0.0,0.0,0.0,231.0,36.44444444444444,0.0,79.6996096463325,6352.027777777778
0,0.0,0.0,0.0,0.0,48.0,48.0,72.0,-1,48,0,0,8,0.0,0.0,0.0,0.0,0.0,48.0,48.0,48.0,0.0,48.0,23.745636739249164,1,1,2279.58112696792,-1,48,0,0,0,0,0,0,0,123,1.0,42113,0,0,42113.0,42113.0,42113.0,0.0,47.49127347849833,8,0.0,0.0,0.0,0.0,0.0,48.0,48.0,48.0,0.0,48.0,8,23.745636739249164,1,1,0.0,0.0,0.0,0.0,48.0,48.0,48.0,0.0,0.0
0,900361.0,528138.5,155916.0,526402.1077204194,273.1428571428572,61.94117647058823,157.32258064516128,180,3824,0,0,292,59112412.0,9130357.384615384,1.0,22108901.917075247,118694646.0,1430.0,273.1428571428572,0.0,483.6026431725912,3824.0,0.117799228699453,14,14,41.0362027405166,8192,1053,0,1,0,1,1,0,0,443,0.0,118846279,0,0,58952449.0,3961542.633333334,1.0,14911556.221313044,0.2608411492630745,352,58952449.0,7427892.437499999,28.0,20066253.50889254,118846279.0,283.0,61.941176470588246,0.0,85.9378195181226,1053.0,20,0.1430419205636215,17,17,58952449.0,58817094.5,58681740.0,191420.16962822908,1430.0,152.40625,0.0,337.2053896342511,113707.47479838708
1,0.0,0.0,0.0,0.0,0.0,0.0,0.0,-1,0,0,0,0,0.0,0.0,0.0,0.0,0.0,0.0,0.0,0.0,0.0,0.0,0.0,0,0,0.0,180,0,0,0,0,0,0,0,0,53913,0.0,1,0,0,1.0,1.0,1.0,0.0,2000000.0,40,1.0,1.0,1.0,0.0,1.0,0.0,0.0,0.0,0.0,0.0,20,2000000.0,2,2,0.0,0.0,0.0,0.0,0.0,0.0,0.0,0.0,0.0
0,0.0,0.0,0.0,0.0,170.0,42.0,127.0,-1,170,0,0,8,0.0,0.0,0.0,0.0,0.0,170.0,170.0,170.0,0.0,170.0,1142.857142857143,1,1,242285.7142857143,-1,42,0,0,0,0,0,0,0,53,1.0,875,0,0,875.0,875.0,875.0,0.0,2285.714285714286,8,0.0,0.0,0.0,0.0,0.0,42.0,42.0,42.0,0.0,42.0,8,1142.857142857143,1,1,0.0,0.0,0.0,0.0,170.0,84.66666666666666,42.0,73.9008344562721,5461.333333333333
1,0.0,0.0,0.0,0.0,0.0,0.0,0.0,-1,0,0,0,0,0.0,0.0,0.0,0.0,0.0,0.0,0.0,0.0,0.0,0.0,0.0,0,0,0.0,123,0,0,0,0,0,0,0,0,52119,0.0,40,0,0,40.0,40.0,40.0,0.0,50000.0,40,40.0,40.0,40.0,0.0,40.0,0.0,0.0,0.0,0.0,0.0,20,50000.0,2,2,0.0,0.0,0.0,0.0,0.0,0.0,0.0,0.0,0.0
0,0.0,0.0,0.0,0.0,99.0,43.0,81.75,-1,198,0,0,16,0.0,0.0,0.0,0.0,0.0,99.0,99.0,99.0,0.0,198.0,17.349665151462577,2,2,2463.652451507686,-1,86,0,0,0,0,0,0,0,53,1.0,115276,0,0,89754.0,38425.33333333333,0.0,46247.34735456007,34.699330302925155,16,25522.0,25522.0,25522.0,0.0,25522.0,43.0,43.0,43.0,0.0,86.0,8,17.349665151462577,2,2,0.0,0.0,0.0,0.0,99.0,65.4,43.0,30.672463220289305,940.8
0,0.0,0.0,0.0,0.0,57.75,24.25,41.0,141,231,0,0,92,6139464.0,2046643.6666666667,164.0,3544486.382473536,6139931.0,231.0,57.75,0.0,115.5,231.0,0.6514561429138428,4,4,53.41940371893511,8192,97,0,0,0,1,0,0,0,80,1.0,6140091,0,0,6079193.0,877155.857142857,40.0,2293992.2780436315,1.3029122858276856,92,60589.0,20299.33333333333,109.0,34891.90450997671,60898.0,97.0,24.25,0.0,48.5,97.0,20,0.6514561429138428,4,4,0.0,0.0,0.0,0.0,231.0,36.44444444444444,0.0,79.6996096463325,6352.027777777778
0,0.0,0.0,0.0,0.0,67.6,75.83333333333333,72.0909090909091,0,338,0,0,108,109607.0,109522.0,109449.0,75.37461995481699,438088.0,145.0,67.6,0.0,69.75887040369848,338.0,11.411330538318106,5,5,1809.837023377252,8192,455,0,0,0,1,0,0,0,445,0.0,438161,0,0,109437.0,43816.100000000006,15.0,56435.11652124648,25.104927184299832,128,109654.0,87617.0,15.0,48971.072685821375,438085.0,140.0,75.83333333333333,0.0,62.9362110923963,455.0,20,13.693596645981728,6,6,0.0,0.0,0.0,0.0,145.0,66.08333333333333,0.0,63.402693279950775,4019.901515151516
1,0.0,0.0,0.0,0.0,0.0,0.0,0.0,256,0,0,0,20,0.0,0.0,0.0,0.0,0.0,0.0,0.0,0.0,0.0,0.0,90909.09090909093,1,1,0.0,176,0,0,0,0,0,0,0,1,54784,1.0,11,0,0,11.0,11.0,11.0,0.0,181818.18181818185,20,0.0,0.0,0.0,0.0,0.0,0.0,0.0,0.0,0.0,0.0,20,90909.09090909093,1,1,0.0,0.0,0.0,0.0,0.0,0.0,0.0,0.0,0.0
1,0.0,0.0,0.0,0.0,0.0,0.0,0.0,-1,0,0,0,0,0.0,0.0,0.0,0.0,0.0,0.0,0.0,0.0,0.0,0.0,0.0,0,0,0.0,256,0,0,0,0,0,0,0,0,62414,0.0,43,0,0,43.0,43.0,43.0,0.0,46511.6279069767,40,43.0,43.0,43.0,0.0,43.0,0.0,0.0,0.0,0.0,0.0,20,46511.6279069767,2,2,0.0,0.0,0.0,0.0,0.0,0.0,0.0,0.0,0.0
0,0.0,0.0,0.0,0.0,64.0,34.0,66.0,-1,64,0,0,8,0.0,0.0,0.0,0.0,0.0,64.0,64.0,64.0,0.0,64.0,572.737686139748,1,1,56128.2932416953,-1,34,0,0,0,0,0,0,0,53,1.0,1746,0,0,1746.0,1746.0,1746.0,0.0,1145.475372279496,8,0.0,0.0,0.0,0.0,0.0,34.0,34.0,34.0,0.0,34.0,8,572.737686139748,1,1,0.0,0.0,0.0,0.0,64.0,44.0,34.0,17.320508075688775,300.0
0,111654.0,37713.909090909096,30270.0,24523.19277114848,284.0,35.666666666666664,153.625,980,5396,0,0,524,10046591.0,6136289.444444444,1.0,5027463.369446643,110453210.0,1460.0,284.00000000000006,0.0,520.3122993826773,5396.0,0.1650149853582203,19,19,53.36932026454021,8192,749,0,1,0,1,1,0,0,443,0.0,115141058,0,0,10016300.0,2952334.8205128205,1.0,4537963.462980642,0.3473999691752007,432,10046657.0,5757052.900000001,25.0,4952130.484762641,115141058.0,389.0,35.666666666666664,0.0,94.42422005679124,749.0,20,0.1823849838169803,21,21,10016300.0,10003491.90909091,10000630.0,6011.242508077039,1460.0,149.87804878048786,0.0,377.1453430126077,142238.60975609755
1,0.0,0.0,0.0,0.0,0.0,0.0,0.0,-1,0,0,0,0,0.0,0.0,0.0,0.0,0.0,0.0,0.0,0.0,0.0,0.0,0.0,0,0,0.0,63964,0,0,0,0,0,0,0,0,50953,0.0,242,0,0,242.0,242.0,242.0,0.0,8264.462809917355,40,242.0,242.0,242.0,0.0,242.0,0.0,0.0,0.0,0.0,0.0,20,8264.462809917355,2,2,0.0,0.0,0.0,0.0,0.0,0.0,0.0,0.0,0.0
0,0.0,0.0,0.0,0.0,60.75,49.333333333333336,55.85714285714285,149,243,0,0,92,336.0,201.0,26.0,158.8238017426859,603.0,243.0,60.75,0.0,121.5,243.0,4672.897196261682,4,4,456775.7009345794,8192,148,0,1,0,1,1,0,0,80,1.0,856,0,0,253.0,142.66666666666666,18.0,105.7802754140235,8177.570093457944,72,271.0,191.5,112.0,112.42997820866104,383.0,148.0,49.333333333333336,0.0,85.44783984006462,148.0,20,3504.6728971962616,3,3,0.0,0.0,0.0,0.0,243.0,48.875,0.0,93.99306585366512,8834.69642857143
0,0.0,0.0,0.0,0.0,127.0,41.0,104.5,-1,127,0,0,8,0.0,0.0,0.0,0.0,0.0,127.0,127.0,127.0,0.0,127.0,783.0853563038372,1,1,131558.33985904464,-1,41,0,0,0,0,0,0,0,53,1.0,1277,0,0,1277.0,1277.0,1277.0,0.0,1566.1707126076744,8,0.0,0.0,0.0,0.0,0.0,41.0,41.0,41.0,0.0,41.0,8,783.0853563038372,1,1,0.0,0.0,0.0,0.0,127.0,69.66666666666667,41.0,49.652123150307816,2465.333333333333
0,0.0,0.0,0.0,0.0,108.0,36.0,81.0,-1,216,0,0,16,116303.0,116303.0,116303.0,0.0,116303.0,108.0,108.0,108.0,0.0,216.0,13.09328968903437,2,2,1885.4337152209491,-1,72,0,0,0,0,0,0,0,53,1.0,152750,0,0,116003.0,50916.66666666667,300.0,59193.11186559914,26.18657937806874,16,152450.0,152450.0,152450.0,0.0,152450.0,36.0,36.0,36.0,0.0,72.0,8,13.09328968903437,2,2,0.0,0.0,0.0,0.0,108.0,64.8,36.0,39.43602414037196,1555.2
0,0.0,0.0,0.0,0.0,32.25,108.6666667,65.0,219,129,0,0,92,9681.0,3363.0,1.0,5475.312959,10089.0,112.0,32.25,0.0,53.7672453,129.0,377.2517212,4,4,42912.38329,8192,326,0,1,0,1,1,0,0,8080,1.0,10603,0,0,9681.0,1767.166667,1.0,3882.185643,660.1905121,72,536.0,299.5,63.0,334.4615075,599.0,326.0,108.6666667,0.0,188.2161878,326.0,20,282.9387909,3,3,0.0,0.0,0.0,0.0,326.0,56.875,0.0,115.4066568,13318.69643
0,145155.0,145155.0,145155.0,0.0,47.0,99.8333333333,82.2222222222,60,141,0,0,72,73864.0,54418.0,34972.0,27500.7969339072,108836.0,141.0,47.0,0.0,81.4063879557,141.0,0.5492219082,3,3,135.4747373484,8192,599,0,0,0,1,0,0,0,443,0.0,5462273,0,0,5317095.0,682784.125,23.0,1872731.13002843,1.6476657245,132,5390624.0,1092454.6,23.0,2402814.39548424,5462273.0,517.0,99.8333333333,0.0,205.451129631,599.0,20,1.0984438163,6,6,5317095.0,5317095.0,5317095.0,0.0,517.0,74.0,0.0,161.9231642203,26219.1111111111
0,0.0,0.0,0.0,0.0,79.0,51.0,90.5,-1,79,0,0,8,0.0,0.0,0.0,0.0,0.0,79.0,79.0,79.0,0.0,79.0,1197.6047904191616,1,1,155688.62275449102,-1,51,0,0,0,0,0,0,0,53,1.0,835,0,0,835.0,835.0,835.0,0.0,2395.2095808383237,8,0.0,0.0,0.0,0.0,0.0,51.0,51.0,51.0,0.0,51.0,8,1197.6047904191616,1,1,0.0,0.0,0.0,0.0,79.0,60.333333333333336,51.0,16.165807537309522,261.33333333333337
1,0.0,0.0,0.0,0.0,0.0,32.333333333333336,40.75,0,0,0,0,20,0.0,0.0,0.0,0.0,0.0,0.0,0.0,0.0,0.0,0.0,108.84946119516708,1,1,10558.397735931208,62,97,0,0,0,0,0,1,0,51648,0.0,9187,1,0,9149.0,3062.333333333333,15.0,5271.209475379757,435.3978447806683,60,9172.0,4593.5,15.0,6474.976795325216,9187.0,66.0,32.33333333333333,0.0,33.020195840323744,97.0,20,326.5483835855012,3,3,0.0,0.0,0.0,0.0,66.0,32.6,0.0,33.01211898682058,1089.8
1,0.0,0.0,0.0,0.0,0.0,0.0,0.0,-1,0,0,0,0,0.0,0.0,0.0,0.0,0.0,0.0,0.0,0.0,0.0,0.0,0.0,0,0,0.0,255,0,0,0,0,0,0,0,0,21181,0.0,170,0,0,170.0,170.0,170.0,0.0,11764.70588235294,40,170.0,170.0,170.0,0.0,170.0,0.0,0.0,0.0,0.0,0.0,20,11764.70588235294,2,2,0.0,0.0,0.0,0.0,0.0,0.0,0.0,0.0,0.0
0,0.0,0.0,0.0,0.0,158.0,187.0,178.7142857,32768,316,0,0,40,17658.0,17658.0,17658.0,0.0,17658.0,316.0,158.0,0.0,223.4457429,316.0,108.2954299,2,2,67738.79142,65535,935,0,1,0,1,1,0,0,55782,0.0,18468,0,0,17658.0,3078.0,9.0,7144.904786,379.0340048,124,18045.0,4617.0,10.0,8953.587102,18468.0,935.0,187.0,0.0,418.1447118,935.0,20,270.7385748,5,5,0.0,0.0,0.0,0.0,935.0,156.375,0.0,333.4786082,111207.9821
0,0.0,0.0,0.0,0.0,50.0,34.0,50.5,-1,100,0,0,16,579.0,579.0,579.0,0.0,579.0,50.0,50.0,50.0,0.0,100.0,99.4233446013124,2,2,8351.56094651024,-1,68,0,0,0,0,0,0,0,53,1.0,20116,0,0,19099.0,6705.333333333334,438.0,10733.46171248276,198.8466892026248,16,19099.0,19099.0,19099.0,0.0,19099.0,34.0,34.0,34.0,0.0,68.0,8,99.4233446013124,2,2,0.0,0.0,0.0,0.0,50.0,40.4,34.0,8.763560920082657,76.8
0,4190680.0,2627185.0,1063690.0,2211115.8337025223,49.90909090909091,68.14285714285714,57.0,0,549,0,0,256,26936669.0,5207365.4,511671.0,8650889.972684098,52073654.0,131.0,49.90909090909091,0.0,54.92441086703533,549.0,0.2112390910612354,11,11,19.702846129893413,8192,477,0,0,0,1,0,0,0,445,1.0,52073695,0,0,26936669.0,3063158.5294117643,30.0,7005325.953785708,0.3456639671911125,152,42208540.0,8678938.333333332,2476.0,16544298.812689122,52073630.0,103.0,68.14285714285714,0.0,46.95184970239394,477.0,20,0.134424876129877,7,7,26936669.0,15359805.0,5674410.0,10756586.618404604,131.0,53.99999999999999,0.0,51.58272751394383,2660.777777777778
1,0.0,0.0,0.0,0.0,6.0,6.0,8.0,256,12,0,0,40,49.0,49.0,49.0,0.0,49.0,6.0,6.0,6.0,0.0,12.0,32258.064516129,2,2,290322.580645161,245,6,0,0,0,0,0,0,1,61581,2.0,62,0,0,49.0,31.0,13.0,25.4558441227,48387.0967741936,20,0.0,0.0,0.0,0.0,0.0,6.0,6.0,6.0,0.0,6.0,20,16129.0322580645,1,1,0.0,0.0,0.0,0.0,6.0,6.0,6.0,0.0,0.0
0,0.0,0.0,0.0,0.0,241.0,6.666666667,140.5714286,211,964,0,0,92,1282733.0,427688.6667,21.0,740490.1283,1283066.0,964.0,241.0,0.0,482.0,964.0,3.1174888,4,4,766.9022449,8192,20,0,1,0,1,1,0,0,80,1.0,1283084,0,0,1282733.0,213847.3333,4.0,523644.908,5.455605401,72,318.0,163.0,8.0,219.2031022,326.0,20.0,6.666666667,0.0,11.54700538,20.0,20,2.3381166,3,3,0.0,0.0,0.0,0.0,964.0,123.0,0.0,339.8873763,115523.4286
0,0.0,0.0,0.0,0.0,225.8571428571,104.3636363636,151.6111111111,62852,1581,0,0,152,1910785.0,631731.333333333,153393.0,691483.013808631,3790388.0,1173.0,225.8571428571,0.0,430.0986044197,1581.0,1.7766416296,7,7,692.6364295798,8192,1148,0,1,0,1,1,0,0,3389,0.0,3940018,0,0,1696717.0,231765.764705882,4.0,439400.967683068,4.5685070474,232,1696717.0,394001.8,4.0,564616.736078122,3940018.0,677.0,104.3636363636,0.0,202.2944748268,1148.0,20,2.7918654179,11,11,0.0,0.0,0.0,0.0,1173.0,143.6315789474,0.0,298.5202785828,89114.3567251462
0,1446341.0,141956.909090909,11446.0,432615.266790587,94.1333333333,48.6111111111,69.303030303,176,1412,0,0,444,10023321.0,7962511.5,12720.0,4090468.38370416,111475161.0,706.0,94.1333333333,0.0,248.4172373438,1412.0,0.1282491933,15,15,19.5537270071,8192,875,0,0,0,1,0,0,0,80,0.0,116959800,0,0,10003982.0,3654993.75,33.0,4759299.84118215,0.2821482253,372,10015462.0,6879988.23529412,11435.0,4523714.81105447,116959800.0,432.0,48.6111111111,0.0,139.4789205617,875.0,20,0.153899032,18,18,10003982.0,9992142.18181818,9874751.0,38934.3356943924,706.0,67.2647058824,0.0,191.9830025342,36857.4732620321
0,0.0,0.0,0.0,0.0,0.0,0.0,0.0,8192,0,0,0,32,0.0,0.0,0.0,0.0,0.0,0.0,0.0,0.0,0.0,0.0,3.5221065014563915,1,1,0.0,8192,0,0,0,0,1,0,0,0,445,0.0,283921,0,0,283790.0,94640.33333333334,45.0,163808.41773344047,14.088426005825566,72,283835.0,141960.5,86.0,200640.84205490167,283921.0,0.0,0.0,0.0,0.0,0.0,20,10.566319504369174,3,3,0.0,0.0,0.0,0.0,0.0,0.0,0.0,0.0,0.0
0,0.0,0.0,0.0,0.0,131.0,37.0,102.5,-1,131,0,0,8,0.0,0.0,0.0,0.0,0.0,131.0,131.0,131.0,0.0,131.0,27.1628412332,1,1,4563.3573271764,-1,37,0,0,0,0,0,0,0,53,1.0,36815,0,0,36815.0,36815.0,36815.0,0.0,54.3256824664,8,0.0,0.0,0.0,0.0,0.0,37.0,37.0,37.0,0.0,37.0,8,27.1628412332,1,1,0.0,0.0,0.0,0.0,131.0,68.3333333333,37.0,54.2709253038,2945.3333333333
0,219108.0,148548.5,77989.0,99786.2018542644,888.2121212121212,49.375,535.0175438596491,123,29311,0,0,672,58373591.0,3643010.125,0.0,14316593.26474275,116576324.0,1410.0,888.2121212121214,0.0,646.1844627105212,29311.0,0.2828874198935692,33,33,261.4222653658874,8192,1185,0,1,0,1,1,0,0,443,1.0,116654180,0,0,58295823.0,2083110.3571428568,0.0,10885754.6540586,0.4886237252707104,492,58295823.0,5071920.869565218,15.0,16745188.379669258,116654180.0,517.0,49.37499999999999,0.0,114.44338357230735,1185.0,20,0.2057363053771412,24,24,58295823.0,58139580.5,57983338.0,220960.2625190783,1410.0,525.7931034482757,0.0,645.1068933217598,416162.9038112523
1,159405.0,50794.1666666667,40437.0,34223.8483459423,30.25,77.3125,53.8125,35554,484,0,0,320,10203346.0,7935822.2,3.0,4158436.67294837,119037333.0,242.0,30.25,0.0,82.6587361787,484.0,0.1342285911,16,16,14.4379628254,63705,1237,0,0,0,0,0,0,0,443,1.0,119199642,0,0,10162824.0,3845149.74193548,3.0,4886611.25705266,0.2684571821,320,10203310.0,7946642.8,44472.0,4108975.73305568,119199642.0,613.0,77.3125,0.0,208.9161614141,1237.0,20,0.1342285911,16,16,10162824.0,9865590.83333333,7398758.0,780352.435097331,613.0,52.1818181818,0.0,155.8842628654,24299.9034090909
1,0.0,0.0,0.0,0.0,0.0,0.0,0.0,-1,0,0,0,0,0.0,0.0,0.0,0.0,0.0,0.0,0.0,0.0,0.0,0.0,0.0,0,0,0.0,256,0,0,0,0,0,0,0,0,8080,0.0,542,0,0,542.0,542.0,542.0,0.0,3690.0369,40,542.0,542.0,542.0,0.0,542.0,0.0,0.0,0.0,0.0,0.0,20,3690.0369,2,2,0.0,0.0,0.0,0.0,0.0,0.0,0.0,0.0,0.0
0,0.0,0.0,0.0,0.0,0.0,0.0,0.0,-1,0,0,0,0,0.0,0.0,0.0,0.0,0.0,0.0,0.0,0.0,0.0,0.0,0.0,0,0,0.0,14600,0,0,0,0,1,0,0,0,3128,0.0,1002451,0,0,1002451.0,1002451.0,1002451.0,0.0,1.9951099854,80,1002451.0,1002451.0,1002451.0,0.0,1002451.0,0.0,0.0,0.0,0.0,0.0,40,1.9951099854,2,2,0.0,0.0,0.0,0.0,0.0,0.0,0.0,0.0,0.0
0,0.0,0.0,0.0,0.0,91.0,35.0,80.5,-1,91,0,0,8,0.0,0.0,0.0,0.0,0.0,91.0,91.0,91.0,0.0,91.0,1041.6666666666667,1,1,131250.0,-1,35,0,0,0,0,0,0,0,53,1.0,960,0,0,960.0,960.0,960.0,0.0,2083.333333333333,8,0.0,0.0,0.0,0.0,0.0,35.0,35.0,35.0,0.0,35.0,8,1041.6666666666667,1,1,0.0,0.0,0.0,0.0,91.0,53.66666666666667,35.0,32.331615074619044,1045.3333333333337
0,0.0,0.0,0.0,0.0,225.8571428571,143.5,181.9333333333,62852,1581,0,0,152,953133.0,339794.166666667,205530.0,301150.257331729,2038765.0,1173.0,225.8571428571,0.0,430.0986044197,1581.0,3.1212572781,7,7,1216.8444445634,8192,1148,0,0,0,1,0,0,0,3389,0.0,2242686,0,0,953133.0,160191.857142857,4.0,248734.017123283,6.6884084531,172,1210375.0,320383.714285714,4.0,399928.312555185,2242686.0,677.0,143.5,0.0,228.129662379,1148.0,20,3.567151175,8,8,0.0,0.0,0.0,0.0,1173.0,170.5625,0.0,319.433241591,102037.595833333
0,0.0,0.0,0.0,0.0,242.0,34.0,155.0,-1,242,0,0,8,0.0,0.0,0.0,0.0,0.0,242.0,242.0,242.0,0.0,242.0,71.41326858530314,1,1,19710.06212954367,-1,34,0,0,0,0,0,0,0,53,1.0,14003,0,0,14003.0,14003.0,14003.0,0.0,142.8265371706063,8,0.0,0.0,0.0,0.0,0.0,34.0,34.0,34.0,0.0,34.0,8,71.41326858530314,1,1,0.0,0.0,0.0,0.0,242.0,103.33333333333331,34.0,120.08885599144216,14421.333333333332
0,0.0,0.0,0.0,0.0,155.0,77.0,154.5,-1,155,0,0,8,0.0,0.0,0.0,0.0,0.0,155.0,155.0,155.0,0.0,155.0,25.3884431807,1,1,5890.1188179141,-1,77,0,0,0,0,0,0,0,53,1.0,39388,0,0,39388.0,39388.0,39388.0,0.0,50.7768863613,8,0.0,0.0,0.0,0.0,0.0,77.0,77.0,77.0,0.0,77.0,8,25.3884431807,1,1,0.0,0.0,0.0,0.0,155.0,103.0,77.0,45.0333209968,2028.0
0,0.0,0.0,0.0,0.0,222.0,37.0,148.0,-1,222,0,0,8,0.0,0.0,0.0,0.0,0.0,222.0,222.0,222.0,0.0,222.0,10.370646920954927,1,1,2685.9975525273267,-1,37,0,0,0,0,0,0,0,53,1.0,96426,0,0,96426.0,96426.0,96426.0,0.0,20.741293841909854,8,0.0,0.0,0.0,0.0,0.0,37.0,37.0,37.0,0.0,37.0,8,10.370646920954927,1,1,0.0,0.0,0.0,0.0,222.0,98.66666666666666,37.0,106.80979980008075,11408.333333333332
0,0.0,0.0,0.0,0.0,182.5,29.5,109.5,-1,730,0,0,80,1003039.0,334347.666666667,0.0,579103.681960608,1003043.0,284.0,182.5,81.0,117.2021046455,730.0,3.9870023723,4,4,845.2445029205,-1,118,0,0,0,0,0,0,0,53,1.0,1003260,0,0,942346.0,143322.857142857,0.0,353060.244148421,7.9740047445,80,942564.0,314190.0,3.0,544187.847077643,942570.0,31.0,29.5,28.0,1.7320508076,118.0,20,3.9870023723,4,4,0.0,0.0,0.0,0.0,284.0,97.3333333333,28.0,108.0763618929,11680.5
0,0.0,0.0,0.0,0.0,154.0,187.0,177.5714286,32768,308,0,0,40,554.0,554.0,554.0,0.0,554.0,308.0,154.0,0.0,217.7888886,308.0,1816.530427,2,2,1128973.66,65535,935,0,1,0,1,1,0,0,60794,0.0,1101,0,0,554.0,183.5,8.0,218.64103,6357.856494,124,870.0,275.25,8.0,405.4046333,1101.0,935.0,187.0,0.0,418.1447118,935.0,20,4541.326067,5,5,0.0,0.0,0.0,0.0,935.0,155.375,0.0,332.9431258,110851.125
1,0.0,0.0,0.0,0.0,0.0,0.0,0.0,253,0,0,0,20,0.0,0.0,0.0,0.0,0.0,0.0,0.0,0.0,0.0,0.0,100000.0,1,1,0.0,946,0,0,0,0,0,0,0,1,56414,1.0,10,0,0,10.0,10.0,10.0,0.0,200000.0,20,0.0,0.0,0.0,0.0,0.0,0.0,0.0,0.0,0.0,0.0,20,100000.0,1,1,0.0,0.0,0.0,0.0,0.0,0.0,0.0,0.0,0.0
0,0.0,0.0,0.0,0.0,97.0,36.0,84.5,-1,97,0,0,8,0.0,0.0,0.0,0.0,0.0,97.0,97.0,97.0,0.0,97.0,849.617672,1,1,112999.1504,-1,36,0,0,0,0,0,0,0,53,1.0,1177,0,0,1177.0,1177.0,1177.0,0.0,1699.235344,8,0.0,0.0,0.0,0.0,0.0,36.0,36.0,36.0,0.0,36.0,8,849.617672,1,1,0.0,0.0,0.0,0.0,97.0,56.33333333,36.0,35.21836642,1240.333333
0,0.0,0.0,0.0,0.0,225.8571428571429,125.33333333333331,169.3125,62872,1581,0,0,152,955998.0,443204.1666666667,246631.0,297848.8878175755,2659225.0,1173.0,225.8571428571429,0.0,430.0986044197418,1581.0,2.4048512032673,7,7,930.677415664445,8192,1128,0,1,0,1,1,0,0,3389,0.0,2910783,0,0,955998.0,194052.2,69.0,250441.9846278061,5.496802750325256,192,1258694.0,363847.875,69.0,377677.0131582342,2910783.0,661.0,125.33333333333331,0.0,213.48302040209197,1128.0,20,3.0919515470579566,9,9,0.0,0.0,0.0,0.0,1173.0,159.35294117647058,0.0,310.3705328265859,96329.86764705884
0,0.0,0.0,0.0,0.0,166.0,38.0,121.0,-1,166,0,0,8,0.0,0.0,0.0,0.0,0.0,166.0,166.0,166.0,0.0,166.0,1392.757660167131,1,1,284122.5626740947,-1,38,0,0,0,0,0,0,0,53,1.0,718,0,0,718.0,718.0,718.0,0.0,2785.515320334262,8,0.0,0.0,0.0,0.0,0.0,38.0,38.0,38.0,0.0,38.0,8,1392.757660167131,1,1,0.0,0.0,0.0,0.0,166.0,80.66666666666666,38.0,73.9008344562721,5461.333333333333
1,0.0,0.0,0.0,0.0,0.0,0.0,0.0,-1,0,0,0,0,0.0,0.0,0.0,0.0,0.0,0.0,0.0,0.0,0.0,0.0,0.0,0,0,0.0,62558,0,0,0,0,0,0,0,0,22610,0.0,86155575,0,0,86155575.0,86155575.0,86155575.0,0.0,0.0232138199,40,86155575.0,86155575.0,86155575.0,0.0,86155575.0,0.0,0.0,0.0,0.0,0.0,20,0.0232138199,2,2,86155575.0,86155575.0,86155575.0,0.0,0.0,0.0,0.0,0.0,0.0
0,0.0,0.0,0.0,0.0,67.6,75.8333333333,72.0909090909,0,338,0,0,112,628485.0,499567.5,320027.0,133246.570461182,1998270.0,145.0,67.6,0.0,69.7588704037,338.0,2.5020892445,5,5,396.8313541807,8192,455,0,0,0,1,0,0,0,445,0.0,1998330,0,0,628359.0,199833.0,60.0,269077.864660027,5.5045963379,132,628508.0,399651.0,86.0,251396.141259169,1998255.0,140.0,75.8333333333,0.0,62.9362110924,455.0,20,3.0025070934,6,6,0.0,0.0,0.0,0.0,145.0,66.0833333333,0.0,63.40269328,4019.9015151515
0,0.0,0.0,0.0,0.0,0.0,0.0,0.0,0,0,0,0,60,531194.0,530319.5,529445.0,1236.7297602952715,1060639.0,0.0,0.0,0.0,0.0,0.0,2.7836802108173813,3,3,0.0,8192,0,0,1,0,1,1,0,0,443,1.0,1077710,0,0,514149.0,215542.0,17045.0,271766.077951241,5.5673604216347625,92,531251.0,530332.5,529414.0,1298.9551570396875,1060665.0,0.0,0.0,0.0,0.0,0.0,28,2.7836802108173813,3,3,0.0,0.0,0.0,0.0,0.0,0.0,0.0,0.0,0.0
1,0.0,0.0,0.0,0.0,0.0,631.5,505.2,0,0,0,0,20,0.0,0.0,0.0,0.0,0.0,0.0,0.0,0.0,0.0,0.0,53.02226935312832,1,1,133934.25238600213,172,2526,0,0,0,0,0,0,0,54119,0.0,18860,0,0,15411.0,4715.0,27.0,7304.822927354228,265.1113467656416,80,15411.0,6286.666666666667,57.0,8075.9303076074975,18860.0,1430.0,631.5,0.0,741.832640604784,2526.0,20,212.0890774125133,4,4,0.0,0.0,0.0,0.0,1430.0,421.0,0.0,660.7071968731686,436534.0
1,0.0,0.0,0.0,0.0,0.0,0.0,0.0,-1,0,0,0,0,0.0,0.0,0.0,0.0,0.0,0.0,0.0,0.0,0.0,0.0,0.0,0,0,0.0,123,0,0,0,0,0,0,0,0,50416,0.0,106,0,0,106.0,106.0,106.0,0.0,18867.924528301886,40,106.0,106.0,106.0,0.0,106.0,0.0,0.0,0.0,0.0,0.0,20,18867.924528301886,2,2,0.0,0.0,0.0,0.0,0.0,0.0,0.0,0.0,0.0
0,0.0,0.0,0.0,0.0,182.0,31.0,122.0,-1,182,0,0,8,0.0,0.0,0.0,0.0,0.0,182.0,182.0,182.0,0.0,182.0,40.2382102044,1,1,8570.7387735394,-1,31,0,0,0,0,0,0,0,53,1.0,24852,0,0,24852.0,24852.0,24852.0,0.0,80.4764204088,8,0.0,0.0,0.0,0.0,0.0,31.0,31.0,31.0,0.0,31.0,8,40.2382102044,1,1,0.0,0.0,0.0,0.0,182.0,81.3333333333,31.0,87.1798906476,7600.3333333333
0,0.0,0.0,0.0,0.0,105.0,45.0,86.25,-1,210,0,0,16,60073.0,60073.0,60073.0,0.0,60073.0,105.0,105.0,105.0,0.0,210.0,32.981530343,2,2,4947.2295514512,-1,90,0,0,0,0,0,0,0,53,1.0,60640,0,0,59795.0,20213.3333333333,278.0,34279.0334218066,65.963060686,16,60362.0,60362.0,60362.0,0.0,60362.0,45.0,45.0,45.0,0.0,90.0,8,32.981530343,2,2,0.0,0.0,0.0,0.0,105.0,69.0,45.0,32.8633534503,1080.0
0,0.0,0.0,0.0,0.0,71.0,43.0,78.5,-1,71,0,0,8,0.0,0.0,0.0,0.0,0.0,71.0,71.0,71.0,0.0,71.0,844.5945945945946,1,1,96283.7837837838,-1,43,0,0,0,0,0,0,0,53,1.0,1184,0,0,1184.0,1184.0,1184.0,0.0,1689.1891891891892,8,0.0,0.0,0.0,0.0,0.0,43.0,43.0,43.0,0.0,43.0,8,844.5945945945946,1,1,0.0,0.0,0.0,0.0,71.0,52.333333333333336,43.0,16.165807537309522,261.33333333333337
0,0.0,0.0,0.0,0.0,225.8571428571429,143.5,181.9333333333333,62852,1581,0,0,148,937532.0,399434.1666666666,277527.0,264762.72713009786,2396605.0,1173.0,225.8571428571429,0.0,430.0986044197418,1581.0,2.6180438574707003,7,7,1020.6630981482202,8192,1148,0,0,0,1,0,0,0,3389,0.0,2673752,0,0,937532.0,190982.2857142857,3.0,253482.6630601508,5.610093980294358,168,1278266.0,381964.5714285714,3.0,408692.9763081561,2673752.0,677.0,143.5,0.0,228.12966237897004,1148.0,20,2.992050122823658,8,8,0.0,0.0,0.0,0.0,1173.0,170.56250000000003,0.0,319.4332415909987,102037.59583333335
0,0.0,0.0,0.0,0.0,47.0,31.0,46.75,-1,94,0,0,16,20533.0,20533.0,20533.0,0.0,20533.0,47.0,47.0,47.0,0.0,94.0,92.824654228163,2,2,7240.323029796714,-1,62,0,0,0,0,0,0,0,53,1.0,21546,0,0,19886.0,7182.0,647.0,11003.508576813125,185.649308456326,16,20899.0,20899.0,20899.0,0.0,20899.0,31.0,31.0,31.0,0.0,62.0,8,92.824654228163,2,2,0.0,0.0,0.0,0.0,47.0,37.4,31.0,8.763560920082657,76.8
1,0.0,0.0,0.0,0.0,0.0,25.6666666667,41.0,-1,0,0,0,0,0.0,0.0,0.0,0.0,0.0,0.0,0.0,0.0,0.0,0.0,0.0,0,0,78571.4285714286,253,77,0,0,0,0,0,1,0,443,0.0,980,1,0,963.0,490.0,17.0,668.9230150025,3061.2244897959,60,963.0,490.0,17.0,668.9230150025,980.0,46.0,25.6666666667,0.0,23.4591844132,77.0,20,3061.2244897959,3,3,0.0,0.0,0.0,0.0,46.0,30.75,0.0,21.6852484422,470.25
1,0.0,0.0,0.0,0.0,0.0,0.0,0.0,-1,0,0,0,0,0.0,0.0,0.0,0.0,0.0,0.0,0.0,0.0,0.0,0.0,0.0,0,0,0.0,256,0,0,0,0,0,0,0,0,59557,0.0,40,0,0,40.0,40.0,40.0,0.0,49999.99999999999,40,40.0,40.0,40.0,0.0,40.0,0.0,0.0,0.0,0.0,0.0,20,49999.99999999999,2,2,0.0,0.0,0.0,0.0,0.0,0.0,0.0,0.0,0.0
1,0.0,0.0,0.0,0.0,0.0,0.0,0.0,-1,0,0,0,0,0.0,0.0,0.0,0.0,0.0,0.0,0.0,0.0,0.0,0.0,0.0,0,0,0.0,259,0,0,0,0,0,0,0,0,54114,0.0,31,0,0,31.0,31.0,31.0,0.0,64516.12903225806,40,31.0,31.0,31.0,0.0,31.0,0.0,0.0,0.0,0.0,0.0,20,64516.12903225806,2,2,0.0,0.0,0.0,0.0,0.0,0.0,0.0,0.0,0.0
0,0.0,0.0,0.0,0.0,106.0,45.0,98.0,-1,106,0,0,8,0.0,0.0,0.0,0.0,0.0,106.0,106.0,106.0,0.0,106.0,56.0129950148,1,1,8457.9622472414,-1,45,0,0,0,0,0,0,0,53,1.0,17853,0,0,17853.0,17853.0,17853.0,0.0,112.0259900297,8,0.0,0.0,0.0,0.0,0.0,45.0,45.0,45.0,0.0,45.0,8,56.0129950148,1,1,0.0,0.0,0.0,0.0,106.0,65.3333333333,45.0,35.2183664206,1240.3333333333
0,0.0,0.0,0.0,0.0,0.0,0.0,0.0,-1,0,0,0,0,0.0,0.0,0.0,0.0,0.0,0.0,0.0,0.0,0.0,0.0,0.0,0,0,0.0,-1,0,0,0,0,0,0,0,0,0,0.0,599765,0,0,533979.0,99960.8333333334,49.0,212892.926863639,11.6712379015,0,533979.0,99960.8333333334,49.0,212892.926863639,599765.0,0.0,0.0,0.0,0.0,0.0,0,11.6712379015,7,7,0.0,0.0,0.0,0.0,0.0,0.0,0.0,0.0,0.0
0,35445.0,35445.0,35445.0,0.0,45.66666666666666,99.83333333333331,81.77777777777777,123,137,0,0,72,12097.0,11943.0,11789.0,217.78888860545663,23886.0,137.0,45.66666666666667,0.0,79.09698687897873,137.0,0.553899703165149,3,3,135.89006050984992,8192,599,0,1,0,1,1,0,0,443,0.0,5416143,0,0,5380667.0,677017.875,14.0,1900569.6954405487,1.6616991094954472,132,5392189.0,1083228.6,31.0,2408789.0879072,5416143.0,517.0,99.83333333333331,0.0,205.4511296310309,599.0,20,1.107799406330298,6,6,5380667.0,5380667.0,5380667.0,0.0,517.0,73.6,0.0,161.74410516478045,26161.155555555557
1,0.0,0.0,0.0,0.0,0.0,0.0,0.0,258,0,0,0,20,0.0,0.0,0.0,0.0,0.0,0.0,0.0,0.0,0.0,0.0,34482.75862068965,1,1,0.0,176,0,0,0,0,0,0,0,1,51073,1.0,29,0,0,29.0,29.0,29.0,0.0,68965.5172413793,20,0.0,0.0,0.0,0.0,0.0,0.0,0.0,0.0,0.0,0.0,20,34482.75862068965,1,1,0.0,0.0,0.0,0.0,0.0,0.0,0.0,0.0,0.0
1,0.0,0.0,0.0,0.0,0.0,10.3333333333,7.75,0,0,0,0,20,0.0,0.0,0.0,0.0,0.0,0.0,0.0,0.0,0.0,0.0,13513.5135135135,1,1,418918.918918919,1311,31,0,0,0,0,0,0,0,49735,0.0,74,0,0,41.0,24.6666666667,13.0,14.5716619963,54054.0540540541,60,41.0,37.0,33.0,5.6568542495,74.0,31.0,10.3333333333,0.0,17.8978583449,31.0,20,40540.5405405405,3,3,0.0,0.0,0.0,0.0,31.0,6.2,0.0,13.8636214605,192.2
1,0.0,0.0,0.0,0.0,0.0,82.33333333,154.3333333,-1,0,0,0,0,0.0,0.0,0.0,0.0,0.0,0.0,0.0,0.0,0.0,0.0,0.0,0,0,61800000.0,31,247,0,0,0,0,0,1,0,57149,0.0,4,1,0,4.0,2.0,0.0,2.828427125,750000.0,96,4.0,2.0,0.0,2.828427125,4.0,216.0,82.33333333,0.0,116.7918376,247.0,32,750000.0,3,3,0.0,0.0,0.0,0.0,216.0,115.75,0.0,116.4484865,13560.25
0,0.0,0.0,0.0,0.0,225.8571429,141.0,180.6,62872,1581,0,0,152,953134.0,337194.0,194841.0,302482.2763,2023164.0,1173.0,225.8571429,0.0,430.0986044,1581.0,3.186132495,7,7,1233.033276,8192,1128,0,1,0,1,1,0,0,3389,0.0,2197021,0,0,953134.0,156930.0714,84.0,248273.0821,6.827426775,172,1180264.0,313860.1429,84.0,389517.6776,2197021.0,661.0,141.0,0.0,222.6233206,1128.0,20,3.64129428,8,8,0.0,0.0,0.0,0.0,1173.0,169.3125,0.0,317.731274,100953.1625
0,0.0,0.0,0.0,0.0,57.75,24.25,41.0,141,231,0,0,92,6653795.0,2218112.0,250.0,3841414.16118947,6654336.0,231.0,57.75,0.0,115.5,231.0,0.6010998022531926,4,4,49.290183784761794,8192,97,0,0,0,1,0,0,0,80,1.0,6654469,0,0,6592474.0,950638.4285714284,40.0,2487920.1443023887,1.2021996045063852,92,61715.0,20665.0,107.0,35550.3581416559,61995.0,97.0,24.25,0.0,48.5,97.0,20,0.6010998022531926,4,4,0.0,0.0,0.0,0.0,231.0,36.44444444444444,0.0,79.6996096463325,6352.027777777778
0,0.0,0.0,0.0,0.0,289.0,33.0,177.5,-1,289,0,0,8,0.0,0.0,0.0,0.0,0.0,289.0,289.0,289.0,0.0,289.0,936.329588015,1,1,301498.127340824,-1,33,0,0,0,0,0,0,0,53,1.0,1068,0,0,1068.0,1068.0,1068.0,0.0,1872.65917603,8,0.0,0.0,0.0,0.0,0.0,33.0,33.0,33.0,0.0,33.0,8,936.329588015,1,1,0.0,0.0,0.0,0.0,289.0,118.3333333333,33.0,147.8016689125,21845.3333333333
0,0.0,0.0,0.0,0.0,77.0,49.0,87.5,-1,77,0,0,8,0.0,0.0,0.0,0.0,0.0,77.0,77.0,77.0,0.0,77.0,925.9259259,1,1,116666.6667,-1,49,0,0,0,0,0,0,0,53,1.0,1080,0,0,1080.0,1080.0,1080.0,0.0,1851.851852,8,0.0,0.0,0.0,0.0,0.0,49.0,49.0,49.0,0.0,49.0,8,925.9259259,1,1,0.0,0.0,0.0,0.0,77.0,58.33333333,49.0,16.16580754,261.3333333
0,0.0,0.0,0.0,0.0,216.375,112.0,151.7619048,62629,1731,0,0,172,983761.0,547943.7143,143386.0,360033.3753,3835606.0,1179.0,216.375,0.0,405.4647906,1731.0,2.054355683,8,8,818.4039454,8192,1456,0,1,0,1,1,0,0,3389,0.0,3894165,0,0,953169.0,194708.25,69.0,265042.9385,5.392683669,272,1168594.0,324513.75,28238.0,338839.8846,3894165.0,741.0,112.0,0.0,200.5712675,1456.0,20,3.338327986,13,13,0.0,0.0,0.0,0.0,1179.0,144.8636364,0.0,285.3147461,81404.50433
0,0.0,0.0,0.0,0.0,225.8571428571,142.25,181.2666666667,62862,1581,0,0,152,953071.0,200314.833333333,36325.0,369581.324625808,1201889.0,1173.0,225.8571428571,0.0,430.0986044197,1581.0,5.6547013187,7,7,2196.4475550687,8192,1138,0,1,0,1,1,0,0,3389,0.0,1237908,0,0,953071.0,88422.0,4.0,249713.193651006,12.1172171114,172,1051405.0,176844.0,4.0,385896.692481291,1237908.0,677.0,142.25,0.0,227.7465696778,1138.0,20,6.4625157928,8,8,0.0,0.0,0.0,0.0,1173.0,169.9375,0.0,319.3627965705,101992.595833333
0,7009443.0,7009443.0,7009443.0,0.0,0.0,0.0,0.0,-1,0,0,0,0,0.0,0.0,0.0,0.0,0.0,0.0,0.0,0.0,0.0,0.0,0.0,0,0,0.0,29200,0,0,0,0,1,0,0,0,80,0.0,63112990,0,0,32100000.0,10500000.0,997505.0,11900000.0,0.110912191,280,32100000.0,10500000.0,997505.0,11900000.0,63100000.0,0.0,0.0,0.0,0.0,0.0,40,0.110912191,7,7,32100000.0,18700000.0,8007711.0,12200000.0,0.0,0.0,0.0,0.0,0.0
0,82920.0,16750.72727,10046.0,21946.07026,32.4375,57.73684211,46.17142857,123,519,0,0,464,10000000.0,7346385.467,715.0,4581937.486,110000000.0,363.0,32.4375,0.0,96.35695356,519.0,0.139025019,16,16,14.04152689,8192,1097,0,1,0,1,1,0,0,443,0.0,115087199,0,0,10000000.0,3384917.618,13.0,4717802.414,0.304117229,392,10000000.0,6393733.278,13.0,4791867.916,115000000.0,517.0,57.73684211,0.0,157.1788939,1097.0,20,0.16509221,19,19,10000000.0,10000000.0,9959460.0,13792.61962,517.0,44.88888889,0.0,130.0105002,16902.73016
1,0.0,0.0,0.0,0.0,0.0,23.5,31.33333333333333,0,0,0,0,20,0.0,0.0,0.0,0.0,0.0,0.0,0.0,0.0,0.0,0.0,17.891648178630216,1,1,840.9074643956202,256,47,0,0,0,0,0,1,0,3389,0.0,55892,1,0,55870.0,27946.0,22.0,39490.49951570631,53.674944535890646,40,55892.0,55892.0,55892.0,0.0,55892.0,47.0,23.5,0.0,33.23401871576773,47.0,20,35.78329635726043,2,2,0.0,0.0,0.0,0.0,47.0,23.5,0.0,27.13546265191241,736.3333333333334
0,0.0,0.0,0.0,0.0,233.75,99.66666667,176.2857143,219,935,0,0,92,3852.0,1518.0,35.0,2045.855078,4554.0,935.0,233.75,0.0,467.5,935.0,877.577885,4,4,270732.7775,65535,299,0,1,0,1,1,0,0,80,1.0,4558,0,0,3526.0,759.6666667,4.0,1379.579743,1535.761299,72,3526.0,1923.0,320.0,2266.98434,3846.0,299.0,99.66666667,0.0,172.6277305,299.0,20,658.1834138,3,3,0.0,0.0,0.0,0.0,935.0,154.25,0.0,332.3684487,110468.7857
0,30713.0,30713.0,30713.0,0.0,92.5,42.5,78.25,-1,185,0,0,52,48800000.0,48800000.0,48800000.0,0.0,48800000.0,114.0,92.5,71.0,30.40559159,185.0,0.040995626,2,2,5.534409443,-1,85,0,0,0,0,0,0,0,53,1.0,48785693,0,0,48800000.0,16300000.0,423.0,28100000.0,0.081991251,52,48800000.0,48800000.0,48800000.0,0.0,48800000.0,43.0,42.5,42.0,0.707106781,85.0,20,0.040995626,2,2,48800000.0,48800000.0,48800000.0,0.0,114.0,62.6,42.0,31.24579972,976.3
1,0.0,0.0,0.0,0.0,0.0,0.0,0.0,-1,0,0,0,0,0.0,0.0,0.0,0.0,0.0,0.0,0.0,0.0,0.0,0.0,0.0,0,0,0.0,256,0,0,0,0,0,0,0,0,49359,0.0,44,0,0,44.0,44.0,44.0,0.0,45454.5454545455,40,44.0,44.0,44.0,0.0,44.0,0.0,0.0,0.0,0.0,0.0,20,45454.5454545455,2,2,0.0,0.0,0.0,0.0,0.0,0.0,0.0,0.0,0.0
0,0.0,0.0,0.0,0.0,369.5833333333,183.3636363636,280.5217391304,8002,4435,0,0,252,943002.0,94638.8181818182,1.0,281598.579710132,1041027.0,1460.0,369.5833333333,0.0,539.4508079913,4435.0,11.2934161266,12,12,6072.0934040803,8192,2017,0,1,0,1,1,0,0,443,1.0,1062566,0,0,886743.0,48298.4545454545,1.0,187795.59538187,21.6457142427,232,77996.0,17573.0,47.0,23832.1985930333,175730.0,1078.0,183.3636363636,0.0,315.1752759108,2017.0,20,10.3522981161,11,11,0.0,0.0,0.0,0.0,1460.0,268.8333333333,0.0,440.7931257519,194298.579710145
1,0.0,0.0,0.0,0.0,0.0,0.0,0.0,-1,0,0,0,0,0.0,0.0,0.0,0.0,0.0,0.0,0.0,0.0,0.0,0.0,0.0,0,0,0.0,2049,0,0,0,0,0,0,0,0,80,0.0,38338320,0,0,38300000.0,38300000.0,38300000.0,0.0,0.052167127,40,38300000.0,38300000.0,38300000.0,0.0,38300000.0,0.0,0.0,0.0,0.0,0.0,20,0.052167127,2,2,38300000.0,38300000.0,38300000.0,0.0,0.0,0.0,0.0,0.0,0.0
0,0.0,0.0,0.0,0.0,69.0,37.0,71.5,-1,69,0,0,8,0.0,0.0,0.0,0.0,0.0,69.0,69.0,69.0,0.0,69.0,1675.0418760469,1,1,177554.438860972,-1,37,0,0,0,0,0,0,0,53,1.0,597,0,0,597.0,597.0,597.0,0.0,3350.0837520938,8,0.0,0.0,0.0,0.0,0.0,37.0,37.0,37.0,0.0,37.0,8,1675.0418760469,1,1,0.0,0.0,0.0,0.0,69.0,47.6666666667,37.0,18.4752086141,341.3333333333
0,2777985.0,2777985.0,2777985.0,0.0,163.5714286,136.8888889,148.5625,118,1145,0,0,164,10100000.0,3077383.167,7200.0,4014951.276,18500000.0,724.0,163.5714286,0.0,266.4956892,1145.0,0.378865087,7,7,128.6517588,8192,1232,0,1,0,1,1,0,0,80,0.0,18476234,0,0,10000000.0,1231748.933,16.0,2841151.63,0.865977341,192,10000000.0,1599836.375,141.0,3447579.195,12800000.0,494.0,136.8888889,0.0,208.2771258,1232.0,20,0.487112255,9,9,10000000.0,10000000.0,10000000.0,0.0,724.0,139.8235294,0.0,223.1493993,49795.65441
1,0.0,0.0,0.0,0.0,0.0,25.6666666667,41.0,-1,0,0,0,0,0.0,0.0,0.0,0.0,0.0,0.0,0.0,0.0,0.0,0.0,0.0,0,0,157786.885245902,254,77,0,0,0,0,0,1,0,443,0.0,488,1,0,470.0,244.0,18.0,319.6122650963,6147.5409836066,60,470.0,244.0,18.0,319.6122650963,488.0,46.0,25.6666666667,0.0,23.4591844132,77.0,20,6147.5409836066,3,3,0.0,0.0,0.0,0.0,46.0,30.75,0.0,21.6852484422,470.25
0,0.0,0.0,0.0,0.0,539.0,61.88888889,270.625,119,3773,0,0,152,141549.0,27149.0,1.0,56487.06957,162894.0,1460.0,539.0,0.0,655.4329358,3773.0,39.08845718,7,7,24179.0028,8192,557,0,0,0,1,0,0,0,443,0.0,179081,0,0,124540.0,11938.73333,1.0,31728.31097,89.34504498,192,124540.0,22385.125,21.0,41960.03867,179081.0,206.0,61.88888889,0.0,88.34371008,557.0,20,50.2565878,9,9,0.0,0.0,0.0,0.0,1460.0,254.7058824,0.0,474.6863128,225327.0956
0,0.0,0.0,0.0,0.0,67.0,51.0,71.75,-1,134,0,0,64,3.0,3.0,3.0,0.0,3.0,67.0,67.0,67.0,0.0,134.0,11560.69364,2,2,1364161.85,-1,102,0,0,0,0,0,0,0,53,1.0,173,0,0,123.0,57.66666667,3.0,60.70694634,23121.38728,64,47.0,47.0,47.0,0.0,47.0,51.0,51.0,51.0,0.0,102.0,32,11560.69364,2,2,0.0,0.0,0.0,0.0,67.0,57.4,51.0,8.76356092,76.8
0,0.0,0.0,0.0,0.0,60.0,44.0,74.0,-1,60,0,0,8,0.0,0.0,0.0,0.0,0.0,60.0,60.0,60.0,0.0,60.0,1677.852349,1,1,174496.6443,-1,44,0,0,0,0,0,0,0,53,1.0,596,0,0,596.0,596.0,596.0,0.0,3355.704698,8,0.0,0.0,0.0,0.0,0.0,44.0,44.0,44.0,0.0,44.0,8,1677.852349,1,1,0.0,0.0,0.0,0.0,60.0,49.33333333,44.0,9.237604307,85.33333333
0,0.0,0.0,0.0,0.0,204.14285714285717,104.8,145.7058823529412,62952,1429,0,0,152,2291747.0,705519.0,132246.0,840803.9427588336,4233114.0,1149.0,204.1428571428571,0.0,420.4990798925441,1429.0,1.602130192303687,7,7,566.9252123337476,8192,1048,0,1,0,1,1,0,0,3389,0.0,4369183,0,0,2057950.0,273073.9375,80.0,531478.1730835198,3.890887609880383,212,2057950.0,485464.77777777775,80.0,678297.4359159811,4369183.0,581.0,104.8,0.0,181.59344089965856,1048.0,20,2.288757417576696,10,10,0.0,0.0,0.0,0.0,1149.0,137.61111111111114,0.0,288.8506919192375,83434.72222222225
0,0.0,0.0,0.0,0.0,204.14285714285717,131.5,165.4,62948,1429,0,0,152,953142.0,275256.3333333334,122278.0,332590.4528784112,1651538.0,1149.0,204.1428571428571,0.0,420.4990798925441,1429.0,3.909232098369683,7,7,1385.5435480078834,8192,1052,0,0,0,1,0,0,0,3389,0.0,1790633,0,0,953142.0,127902.35714285714,76.0,245277.16413402997,8.376925925077892,172,1144116.0,255804.71428571423,7628.0,394317.2842600716,1790633.0,581.0,131.5,0.0,196.37209577737872,1052.0,20,4.467693826708209,8,8,0.0,0.0,0.0,0.0,1149.0,155.06249999999997,0.0,302.89700532249134,91746.59583333335
1,0.0,0.0,0.0,0.0,0.0,0.0,0.0,1918,0,0,0,32,0.0,0.0,0.0,0.0,0.0,0.0,0.0,0.0,0.0,0.0,15151.51515,1,1,0.0,5565,0,0,0,0,0,0,0,1,46895,1.0,66,0,0,66.0,66.0,66.0,0.0,30303.0303,32,0.0,0.0,0.0,0.0,0.0,0.0,0.0,0.0,0.0,0.0,32,15151.51515,1,1,0.0,0.0,0.0,0.0,0.0,0.0,0.0,0.0,0.0
0,0.0,0.0,0.0,0.0,63.0,35.0,66.5,-1,63,0,0,8,0.0,0.0,0.0,0.0,0.0,63.0,63.0,63.0,0.0,63.0,770.4160246533129,1,1,75500.77041602466,-1,35,0,0,0,0,0,0,0,53,1.0,1298,0,0,1298.0,1298.0,1298.0,0.0,1540.8320493066258,8,0.0,0.0,0.0,0.0,0.0,35.0,35.0,35.0,0.0,35.0,8,770.4160246533129,1,1,0.0,0.0,0.0,0.0,63.0,44.333333333333336,35.0,16.165807537309522,261.33333333333337
0,0.0,0.0,0.0,0.0,127.5,98.0,112.75,110,510,0,0,92,2903094.0,985258.0,1270.0,1661083.892,2955774.0,498.0,127.5,0.0,247.0161938,510.0,1.327246581,4,4,299.2941039,8192,392,0,0,0,1,0,0,0,80,1.0,3013758,0,0,2706392.0,430536.8571,98.0,1005951.994,2.654493161,92,248536.0,102455.3333,748.0,129716.8754,307366.0,380.0,98.0,0.0,188.0212754,392.0,20,1.327246581,4,4,0.0,0.0,0.0,0.0,498.0,100.2222222,0.0,194.3410519,37768.44444
0,0.0,0.0,0.0,0.0,172.0,44.0,119.0,-1,344,0,0,64,48.0,48.0,48.0,0.0,48.0,172.0,172.0,172.0,0.0,344.0,63.34927623,2,2,13683.44367,-1,88,0,0,0,0,0,0,0,53,1.0,31571,0,0,31519.0,10523.66667,4.0,18182.50534,126.6985525,40,4.0,4.0,4.0,0.0,4.0,44.0,44.0,44.0,0.0,88.0,20,63.34927623,2,2,0.0,0.0,0.0,0.0,172.0,95.2,44.0,70.10848736,4915.2
0,0.0,0.0,0.0,0.0,100.0,44.0,94.0,-1,100,0,0,8,0.0,0.0,0.0,0.0,0.0,100.0,100.0,100.0,0.0,100.0,1310.615989515072,1,1,188728.7024901704,-1,44,0,0,0,0,0,0,0,53,1.0,763,0,0,763.0,763.0,763.0,0.0,2621.231979030144,8,0.0,0.0,0.0,0.0,0.0,44.0,44.0,44.0,0.0,44.0,8,1310.615989515072,1,1,0.0,0.0,0.0,0.0,100.0,62.66666666666667,44.0,32.331615074619044,1045.3333333333337
0,0.0,0.0,0.0,0.0,51.0,35.0,60.5,-1,51,0,0,8,0.0,0.0,0.0,0.0,0.0,51.0,51.0,51.0,0.0,51.0,1434.7202295552,1,1,123385.93974175,-1,35,0,0,0,0,0,0,0,53,1.0,697,0,0,697.0,697.0,697.0,0.0,2869.4404591105,8,0.0,0.0,0.0,0.0,0.0,35.0,35.0,35.0,0.0,35.0,8,1434.7202295552,1,1,0.0,0.0,0.0,0.0,51.0,40.3333333333,35.0,9.237604307,85.3333333333
0,0.0,0.0,0.0,0.0,0.0,0.0,0.0,-1,0,0,0,0,0.0,0.0,0.0,0.0,0.0,0.0,0.0,0.0,0.0,0.0,0.0,0,0,0.0,0,0,0,0,1,0,0,0,0,55148,0.0,79,0,0,79.0,79.0,79.0,0.0,25316.45569620253,40,79.0,79.0,79.0,0.0,79.0,0.0,0.0,0.0,0.0,0.0,20,25316.45569620253,2,2,0.0,0.0,0.0,0.0,0.0,0.0,0.0,0.0,0.0
0,0.0,0.0,0.0,0.0,0.0,0.0,0.0,0,0,0,0,60,531379.0,531057.5,530736.0,454.6696603029501,1062115.0,0.0,0.0,0.0,0.0,0.0,2.7797622191397746,3,3,0.0,8192,0,0,1,0,1,1,0,0,443,1.0,1079229,0,0,514217.0,215845.8,17046.0,272133.9199993268,5.559524438279549,92,531263.0,531033.5,530804.0,324.5620125646253,1062067.0,0.0,0.0,0.0,0.0,0.0,28,2.7797622191397746,3,3,0.0,0.0,0.0,0.0,0.0,0.0,0.0,0.0,0.0
0,0.0,0.0,0.0,0.0,0.0,0.0,0.0,-1,0,0,0,0,0.0,0.0,0.0,0.0,0.0,0.0,0.0,0.0,0.0,0.0,0.0,0,0,0.0,-1,0,0,0,0,0,0,0,0,0,0.0,112638439,0,0,56319231.0,56319219.5,56319208.0,16.263455967290593,0.0266338918279931,0,56319231.0,56319219.5,56319208.0,16.263455967290593,112638439.0,0.0,0.0,0.0,0.0,0.0,0,0.0266338918279931,3,3,56319231.0,56319219.5,56319208.0,16.263455967290593,0.0,0.0,0.0,0.0,0.0
0,0.0,0.0,0.0,0.0,122.0,53.66666666666666,92.71428571428572,149,488,0,0,92,300.0,136.0,25.0,144.9586147836685,408.0,488.0,122.0,0.0,244.0,488.0,6611.570247933884,4,4,1072727.2727272727,8192,161,0,0,0,1,0,0,0,80,1.0,605,0,0,197.0,100.83333333333331,25.0,67.20243051160178,11570.2479338843,72,232.0,171.5,111.0,85.55992052357225,343.0,161.0,53.66666666666666,0.0,92.95339333952974,161.0,20,4958.677685950413,3,3,0.0,0.0,0.0,0.0,488.0,81.125,0.0,173.78758586274222,30202.125
0,247210.0,74516.5,16896.0,115129.00892042804,441.09090909090907,87.8,272.85714285714283,31,4852,0,0,280,10197216.0,4622720.6,1.0,5027544.243266028,46227206.0,1460.0,441.0909090909092,0.0,631.6121364485415,4852.0,0.2378677808912508,11,11,123.90748950062428,8192,878,0,1,0,1,1,0,0,80,1.0,46244178,0,0,10180247.0,2312208.9,1.0,4185634.177141216,0.4541112180651152,212,10197200.0,4535585.666666667,149.0,5320342.659639626,40820271.0,437.0,87.80000000000001,0.0,184.0451635393395,878.0,20,0.2162434371738643,10,10,10180247.0,10130551.25,10029685.0,69183.8191986874,1460.0,260.45454545454544,0.0,488.8786710200753,239002.35497835497
0,406184.0,73962.0,36965.0,110210.44236550364,875.1944444444445,34.473684210526315,584.7636363636364,980,31507,0,0,864,10239577.0,3188600.514285714,0.0,4755925.234098758,111601018.0,1460.0,875.1944444444446,0.0,698.9129853644953,31507.0,0.3224706208438184,36,36,288.09166965496905,8192,655,0,1,0,1,1,0,0,443,1.0,111638077,0,0,10194885.0,2067371.7962962964,0.0,4086446.9347491967,0.4926634485113892,392,10231850.0,6199861.722222222,567.0,5041980.197170597,111597511.0,323.0,34.47368421052633,0.0,86.8142131355182,655.0,20,0.1701928276675708,19,19,10194885.0,10071266.272727272,9999143.0,53092.61917647459,1460.0,574.3214285714286,0.0,692.2748300059308,479244.4402597403
0,0.0,0.0,0.0,0.0,42.5,57.2,50.66666666666666,0,170,0,0,92,104911.0,104723.66666666669,104616.0,162.83836566771768,314171.0,131.0,42.5,0.0,61.7980582219215,170.0,12.730420613097058,4,4,1451.2679498930645,8192,286,0,0,0,1,0,0,0,445,0.0,314208,0,0,104540.0,39276.0,37.0,54030.27667627,28.64344637946838,112,104846.0,78526.5,42.0,52323.125801758695,314106.0,103.0,57.2,0.0,52.48523601928451,286.0,20,15.91302576637132,5,5,0.0,0.0,0.0,0.0,131.0,45.6,0.0,52.98469380658699,2807.3777777777777
0,0.0,0.0,0.0,0.0,107.0,51.0,87.25,-1,214,0,0,16,1619012.0,1619012.0,1619012.0,0.0,1619012.0,117.0,107.0,97.0,14.1421356237,214.0,1.2326458867,2,2,194.7580501021,-1,102,0,0,0,0,0,0,0,53,1.0,1622526,0,0,1618395.0,540842.0,617.0,933189.396108314,2.4652917734,16,1621909.0,1621909.0,1621909.0,0.0,1621909.0,69.0,51.0,33.0,25.4558441227,102.0,8,1.2326458867,2,2,0.0,0.0,0.0,0.0,117.0,69.8,33.0,37.6722709695,1419.2
1,0.0,0.0,0.0,0.0,0.0,0.0,0.0,-1,0,0,0,0,0.0,0.0,0.0,0.0,0.0,0.0,0.0,0.0,0.0,0.0,0.0,0,0,0.0,2049,0,0,0,0,0,0,0,0,80,0.0,33056964,0,0,33100000.0,33100000.0,33100000.0,0.0,0.060501624,40,33100000.0,33100000.0,33100000.0,0.0,33100000.0,0.0,0.0,0.0,0.0,0.0,20,0.060501624,2,2,33100000.0,33100000.0,33100000.0,0.0,0.0,0.0,0.0,0.0,0.0
0,0.0,0.0,0.0,0.0,453.4,142.6666666667,336.875,237,2267,0,0,112,11811.0,3067.25,1.0,5833.1114838766,12269.0,1460.0,453.4,0.0,662.3804042995,2267.0,209.6523963269,5,5,113002.641620194,8192,428,0,0,0,1,0,0,0,80,1.0,23849,0,0,11630.0,3407.0,1.0,5602.5428750405,335.443834123,72,11612.0,5880.5,149.0,8105.5650327414,11761.0,428.0,142.6666666667,0.0,247.1059152132,428.0,20,125.7914377961,3,3,0.0,0.0,0.0,0.0,1460.0,299.4444444444,0.0,519.4985830373,269878.777777778
0,0.0,0.0,0.0,0.0,99.0,43.0,81.75,-1,198,0,0,16,34049.0,34049.0,34049.0,0.0,34049.0,99.0,99.0,99.0,0.0,198.0,42.56315307838005,2,2,6043.967737129966,-1,86,0,0,0,0,0,0,0,53,1.0,46989,0,0,33712.0,15663.0,337.0,16853.299469243404,85.1263061567601,16,46652.0,46652.0,46652.0,0.0,46652.0,43.0,43.0,43.0,0.0,86.0,8,42.56315307838005,2,2,0.0,0.0,0.0,0.0,99.0,65.4,43.0,30.672463220289305,940.8000000000002
0,0.0,0.0,0.0,0.0,630.3333333333,59.3333333333,344.8333333333,60,3782,0,0,132,44331.0,18542.0,48.0,22489.2776117865,92710.0,1460.0,630.3333333333,0.0,677.217148828,3782.0,44.7410611088,6,6,30856.4184780582,8192,356,0,0,0,1,0,0,0,443,1.0,134105,0,0,42402.0,12191.3636363636,48.0,19035.0214513813,89.4821222177,132,48392.0,26821.0,71.0,23816.907933231,134105.0,212.0,59.3333333333,0.0,89.2248097037,356.0,20,44.7410611088,6,6,0.0,0.0,0.0,0.0,1460.0,318.3076923077,0.0,533.9168762731,285067.230769231
0,434432.0,126359.90909090907,95233.0,102177.25875893768,50.42857142857143,27.8125,38.36666666666667,172,706,0,0,424,10110622.0,8575131.307692308,95560.0,3742370.3029611534,111476707.0,706.0,50.428571428571416,0.0,188.68643679017163,706.0,0.121301762689633,14,14,9.97273777541197,8192,445,0,1,0,1,1,0,0,80,0.0,115414646,0,0,10013793.0,3979815.379310345,24.0,4845238.38554061,0.2599323486206421,332,10109026.0,7694309.733333333,195.0,4213631.547869121,115414646.0,434.0,27.812500000000004,0.0,108.3175693658851,445.0,20,0.1386305859310091,16,16,10013793.0,10007916.545454543,9952712.0,18316.755080328265,706.0,37.12903225806451,0.0,146.5227495272739,21468.916129032248
0,0.0,0.0,0.0,0.0,0.0,22.0,33.0,-1,0,0,0,0,0.0,0.0,0.0,0.0,0.0,0.0,0.0,0.0,0.0,0.0,0.0,0,0,105.0455276867,-1,44,0,0,0,0,0,0,0,5355,0.0,418866,0,0,418866.0,418866.0,418866.0,0.0,4.774796713,16,418866.0,418866.0,418866.0,0.0,418866.0,22.0,22.0,22.0,0.0,44.0,8,4.774796713,2,2,0.0,0.0,0.0,0.0,22.0,22.0,22.0,0.0,0.0
0,0.0,0.0,0.0,0.0,96.0,45.0,93.0,-1,96,0,0,32,0.0,0.0,0.0,0.0,0.0,96.0,96.0,96.0,0.0,96.0,3.2652314886,1,1,460.3976398907,-1,45,0,0,0,0,0,0,0,53,1.0,306257,0,0,306257.0,306257.0,306257.0,0.0,6.5304629772,32,0.0,0.0,0.0,0.0,0.0,45.0,45.0,45.0,0.0,45.0,32,3.2652314886,1,1,0.0,0.0,0.0,0.0,96.0,62.0,45.0,29.4448637287,867.0
0,0.0,0.0,0.0,0.0,55.0,39.0,66.5,-1,55,0,0,8,0.0,0.0,0.0,0.0,0.0,55.0,55.0,55.0,0.0,55.0,100.6441224,1,1,9460.547504,-1,39,0,0,0,0,0,0,0,53,1.0,9936,0,0,9936.0,9936.0,9936.0,0.0,201.2882448,8,0.0,0.0,0.0,0.0,0.0,39.0,39.0,39.0,0.0,39.0,8,100.6441224,1,1,0.0,0.0,0.0,0.0,55.0,44.33333333,39.0,9.237604307,85.33333333
1,0.0,0.0,0.0,0.0,0.0,0.0,0.0,256,0,0,0,20,0.0,0.0,0.0,0.0,0.0,0.0,0.0,0.0,0.0,0.0,100000.0,1,1,0.0,1013,0,0,0,0,0,0,0,1,51142,1.0,10,0,0,10.0,10.0,10.0,0.0,200000.0,20,0.0,0.0,0.0,0.0,0.0,0.0,0.0,0.0,0.0,0.0,20,100000.0,1,1,0.0,0.0,0.0,0.0,0.0,0.0,0.0,0.0,0.0
1,0.0,0.0,0.0,0.0,0.0,0.0,0.0,-1,0,0,0,0,0.0,0.0,0.0,0.0,0.0,0.0,0.0,0.0,0.0,0.0,0.0,0,0,0.0,2049,0,0,0,0,0,0,0,0,80,0.0,23057154,0,0,23100000.0,23100000.0,23100000.0,0.0,0.086740974,40,23100000.0,23100000.0,23100000.0,0.0,23100000.0,0.0,0.0,0.0,0.0,0.0,20,0.086740974,2,2,23100000.0,23100000.0,23100000.0,0.0,0.0,0.0,0.0,0.0,0.0
1,0.0,0.0,0.0,0.0,0.0,0.0,0.0,-1,0,0,0,0,0.0,0.0,0.0,0.0,0.0,0.0,0.0,0.0,0.0,0.0,0.0,0,0,0.0,32738,0,0,0,0,0,0,0,0,80,0.0,21356,0,0,21356.0,21356.0,21356.0,0.0,93.65049635,40,21356.0,21356.0,21356.0,0.0,21356.0,0.0,0.0,0.0,0.0,0.0,20,93.65049635,2,2,0.0,0.0,0.0,0.0,0.0,0.0,0.0,0.0,0.0
0,0.0,0.0,0.0,0.0,215.875,119.3333333,157.95,62653,1727,0,0,172,1869836.0,578780.5714,107981.0,663640.8797,4051464.0,1175.0,215.875,0.0,404.1083439,1727.0,1.926796196,8,8,760.8436477,8192,1432,0,1,0,1,1,0,0,3389,0.0,4151970,0,0,1583926.0,218524.7368,4.0,400950.5246,4.816990489,252,1583926.0,377451.8182,4.0,526137.1171,4151970.0,725.0,119.3333333,0.0,202.2430281,1432.0,20,2.890194293,12,12,0.0,0.0,0.0,0.0,1175.0,150.4285714,0.0,288.2314298,83077.35714
1,0.0,0.0,0.0,0.0,0.0,0.0,0.0,-1,0,0,0,0,0.0,0.0,0.0,0.0,0.0,0.0,0.0,0.0,0.0,0.0,0.0,0,0,0.0,64000,0,0,0,0,0,0,0,0,8335,0.0,86167626,0,0,86167626.0,86167626.0,86167626.0,0.0,0.0232105733,40,86167626.0,86167626.0,86167626.0,0.0,86167626.0,0.0,0.0,0.0,0.0,0.0,20,0.0232105733,2,2,86167626.0,86167626.0,86167626.0,0.0,0.0,0.0,0.0,0.0,0.0
0,0.0,0.0,0.0,0.0,225.8571428571429,143.5,181.9333333333333,62852,1581,0,0,148,984393.0,204941.1666666667,35034.0,382066.09329351207,1229647.0,1173.0,225.8571428571429,0.0,430.0986044197418,1581.0,4.927824963657291,7,7,1921.1477608315356,8192,1148,0,0,0,1,0,0,0,3389,0.0,1420505,0,0,984393.0,101464.64285714288,54.0,258968.74504245224,10.559624922122769,168,1205623.0,202929.28571428568,1750.0,442603.9096090748,1420505.0,677.0,143.5,0.0,228.12966237897004,1148.0,20,5.631799958465476,8,8,0.0,0.0,0.0,0.0,1173.0,170.56250000000003,0.0,319.4332415909987,102037.59583333335
0,272111.0,169462.0,66813.0,145167.60796403582,1030.8181818181818,41.92307692307692,595.0338983050848,131,34017,0,0,672,58431736.0,3645641.9375,0.0,14318511.951270748,116660542.0,1460.0,1030.818181818182,0.0,628.0641117028507,34017.0,0.2827127671012396,33,33,300.7635489279764,8192,1090,0,0,0,1,0,0,0,443,1.0,116726246,0,0,58365760.0,2012521.482758621,0.0,10703785.830614438,0.5054561593628223,532,58365760.0,4669049.84,29.0,16099256.713224024,116726246.0,299.0,41.92307692307694,0.0,80.52970784843221,1090.0,20,0.2227433922615827,26,26,58365760.0,58160765.5,57955771.0,289906.00211189146,1460.0,585.1166666666669,0.0,680.9059043399254,463632.8505649717
1,0.0,0.0,0.0,0.0,0.0,25.666666666666668,41.0,-1,0,0,0,0,0.0,0.0,0.0,0.0,0.0,0.0,0.0,0.0,0.0,0.0,0.0,0,0,87104.07239819004,257,77,0,0,0,0,0,1,0,443,0.0,884,1,0,868.0,442.0,16.0,602.4549775709385,3393.6651583710404,60,868.0,442.0,16.0,602.4549775709385,884.0,46.0,25.666666666666664,0.0,23.45918441321721,77.0,20,3393.6651583710404,3,3,0.0,0.0,0.0,0.0,46.0,30.75,0.0,21.68524844220144,470.25
0,0.0,0.0,0.0,0.0,48.0,48.0,72.0,-1,48,0,0,32,0.0,0.0,0.0,0.0,0.0,48.0,48.0,48.0,0.0,48.0,60.74596039,1,1,5831.612198,-1,48,0,0,0,0,0,0,0,123,1.0,16462,0,0,16462.0,16462.0,16462.0,0.0,121.4919208,32,0.0,0.0,0.0,0.0,0.0,48.0,48.0,48.0,0.0,48.0,32,60.74596039,1,1,0.0,0.0,0.0,0.0,48.0,48.0,48.0,0.0,0.0
1,0.0,0.0,0.0,0.0,0.0,0.0,0.0,-1,0,0,0,0,0.0,0.0,0.0,0.0,0.0,0.0,0.0,0.0,0.0,0.0,0.0,0,0,0.0,180,0,0,0,0,0,0,0,0,49938,0.0,1,0,0,1.0,1.0,1.0,0.0,2000000.0,40,1.0,1.0,1.0,0.0,1.0,0.0,0.0,0.0,0.0,0.0,20,2000000.0,2,2,0.0,0.0,0.0,0.0,0.0,0.0,0.0,0.0,0.0
1,0.0,0.0,0.0,0.0,0.0,0.0,0.0,255,0,0,0,20,0.0,0.0,0.0,0.0,0.0,0.0,0.0,0.0,0.0,0.0,43478.26087,1,1,0.0,119,0,0,0,0,0,0,0,1,54654,1.0,23,0,0,23.0,23.0,23.0,0.0,86956.52174,20,0.0,0.0,0.0,0.0,0.0,0.0,0.0,0.0,0.0,0.0,20,43478.26087,1,1,0.0,0.0,0.0,0.0,0.0,0.0,0.0,0.0,0.0
0,0.0,0.0,0.0,0.0,498.1111111111,59.3333333333,278.7222222222,351,4483,0,0,192,124054.0,30561.5,1.0,46469.9845399464,244492.0,1430.0,498.1111111111,0.0,643.8983701727,4483.0,30.7537750259,9,9,17143.5210338736,8192,534,0,0,0,1,0,0,0,443,1.0,292647,0,0,86466.0,17214.5294117647,1.0,24002.9335579988,61.5075500518,192,86466.0,36580.875,4.0,25141.523277169,292647.0,206.0,59.3333333333,0.0,81.3218912717,534.0,20,30.7537750259,9,9,0.0,0.0,0.0,0.0,1430.0,264.0526315789,0.0,489.3141996355,239428.385964912
0,0.0,0.0,0.0,0.0,67.0,51.0,84.5,-1,67,0,0,8,0.0,0.0,0.0,0.0,0.0,67.0,67.0,67.0,0.0,67.0,3649.6350364963514,1,1,430656.9343065693,-1,51,0,0,0,0,0,0,0,53,1.0,274,0,0,274.0,274.0,274.0,0.0,7299.270072992701,8,0.0,0.0,0.0,0.0,0.0,51.0,51.0,51.0,0.0,51.0,8,3649.6350364963514,1,1,0.0,0.0,0.0,0.0,67.0,56.333333333333336,51.0,9.237604307034012,85.33333333333333
0,0.0,0.0,0.0,0.0,101.0,37.0,78.25,-1,202,0,0,64,3.0,3.0,3.0,0.0,3.0,101.0,101.0,101.0,0.0,202.0,32.8003280033,2,2,4526.4452644527,-1,74,0,0,0,0,0,0,0,53,1.0,60975,0,0,60969.0,20325.0,3.0,35198.7365114147,65.6006560066,64,3.0,3.0,3.0,0.0,3.0,37.0,37.0,37.0,0.0,74.0,32,32.8003280033,2,2,0.0,0.0,0.0,0.0,101.0,62.6,37.0,35.0542436803,1228.8
1,4195545.0,882461.2,50677.0,1852078.41,37.71428571,61.35714286,55.33333333,144,264,0,0,140,20000000.0,16700000.0,4144755.0,6359437.042,100000000.0,54.0,37.71428571,35.0,7.181324987,264.0,0.06988721,7,7,11.21190533,2050,859,0,0,0,0,0,1,0,443,0.0,100161388,1,0,20000000.0,5008069.4,495.0,8461304.601,0.209661631,280,20000000.0,7704722.154,50591.0,9531443.953,100000000.0,625.0,61.35714286,0.0,163.3884504,859.0,20,0.139774421,14,14,20000000.0,19100000.0,15900000.0,1835548.076,625.0,52.81818182,0.0,129.1295534,16674.44156
0,0.0,0.0,0.0,0.0,241.0,6.666666667,140.5714286,211,964,0,0,92,816663.0,272357.3333,29.0,471382.5674,817072.0,964.0,241.0,0.0,482.0,964.0,4.895493454,4,4,1204.29139,8192,20,0,1,0,1,1,0,0,80,1.0,817078,0,0,816663.0,136179.6667,2.0,333367.4203,8.567113544,72,377.0,189.5,2.0,265.1650429,379.0,20.0,6.666666667,0.0,11.54700538,20.0,20,3.67162009,3,3,0.0,0.0,0.0,0.0,964.0,123.0,0.0,339.8873763,115523.4286
0,0.0,0.0,0.0,0.0,174.0,46.0,133.0,-1,174,0,0,8,0.0,0.0,0.0,0.0,0.0,174.0,174.0,174.0,0.0,174.0,3164.5569620253,1,1,696202.53164557,-1,46,0,0,0,0,0,0,0,53,1.0,316,0,0,316.0,316.0,316.0,0.0,6329.1139240506,8,0.0,0.0,0.0,0.0,0.0,46.0,46.0,46.0,0.0,46.0,8,3164.5569620253,1,1,0.0,0.0,0.0,0.0,174.0,88.6666666667,46.0,73.9008344563,5461.3333333333
0,0.0,0.0,0.0,0.0,51.0,35.0,51.75,-1,102,0,0,40,48.0,48.0,48.0,0.0,48.0,51.0,51.0,51.0,0.0,102.0,13698.6301369863,2,2,1178082.19178082,-1,70,0,0,0,0,0,0,0,53,1.0,146,0,0,95.0,48.6666666667,3.0,46.0036230457,27397.2602739726,40,3.0,3.0,3.0,0.0,3.0,35.0,35.0,35.0,0.0,70.0,20,13698.6301369863,2,2,0.0,0.0,0.0,0.0,51.0,41.4,35.0,8.7635609201,76.8
0,0.0,0.0,0.0,0.0,60.75,49.3333333333,55.8571428571,149,243,0,0,92,347.0,223.6666666667,41.0,161.3980586418,671.0,243.0,60.75,0.0,121.5,243.0,4127.9669762642,4,4,403508.771929825,8192,148,0,0,0,1,0,0,0,80,1.0,969,0,0,298.0,161.5,41.0,109.8266816398,7223.9422084623,72,350.0,250.0,150.0,141.4213562373,500.0,148.0,49.3333333333,0.0,85.4478398401,148.0,20,3095.9752321982,3,3,0.0,0.0,0.0,0.0,243.0,48.875,0.0,93.9930658537,8834.6964285714
0,0.0,0.0,0.0,0.0,116.0,32.0,90.0,-1,116,0,0,8,0.0,0.0,0.0,0.0,0.0,116.0,116.0,116.0,0.0,116.0,79.2707094728,1,1,11732.0650019818,-1,32,0,0,0,0,0,0,0,53,1.0,12615,0,0,12615.0,12615.0,12615.0,0.0,158.5414189457,8,0.0,0.0,0.0,0.0,0.0,32.0,32.0,32.0,0.0,32.0,8,79.2707094728,1,1,0.0,0.0,0.0,0.0,116.0,60.0,32.0,48.4974226119,2352.0
1,0.0,0.0,0.0,0.0,0.0,0.0,0.0,-1,0,0,0,0,0.0,0.0,0.0,0.0,0.0,0.0,0.0,0.0,0.0,0.0,0.0,0,0,0.0,242,0,0,0,0,0,0,0,0,80,0.0,273,0,0,273.0,273.0,273.0,0.0,7326.0073260073,64,273.0,273.0,273.0,0.0,273.0,0.0,0.0,0.0,0.0,0.0,32,7326.0073260073,2,2,0.0,0.0,0.0,0.0,0.0,0.0,0.0,0.0,0.0
0,90087.0,90087.0,90087.0,0.0,34.25,99.83333333333331,73.6,237,137,0,0,92,56557.0,24520.666666666664,158.0,28971.98078028724,73562.0,137.0,34.25,0.0,68.5,137.0,0.7553320779714198,4,4,138.98110234674124,8192,599,0,1,0,1,1,0,0,443,0.0,5295684,0,0,5205568.0,588409.3333333334,14.0,1731532.4749066937,1.8883301949285496,132,5261945.0,1059136.8,29.0,2349456.010535247,5295684.0,517.0,99.83333333333331,0.0,205.4511296310309,599.0,20,1.1329981169571297,6,6,5205568.0,5205568.0,5205568.0,0.0,517.0,66.9090909090909,0.0,155.0402880192465,24037.49090909091
0,0.0,0.0,0.0,0.0,59.0,31.0,52.75,-1,118,0,0,64,3.0,3.0,3.0,0.0,3.0,59.0,59.0,59.0,0.0,118.0,2506.265664,2,2,225563.9098,-1,62,0,0,0,0,0,0,0,53,1.0,798,0,0,791.0,266.0,3.0,454.6636119,5012.531328,64,4.0,4.0,4.0,0.0,4.0,31.0,31.0,31.0,0.0,62.0,32,2506.265664,2,2,0.0,0.0,0.0,0.0,59.0,42.2,31.0,15.33623161,235.2
1,0.0,0.0,0.0,0.0,0.0,0.0,0.0,-1,0,0,0,0,0.0,0.0,0.0,0.0,0.0,0.0,0.0,0.0,0.0,0.0,0.0,0,0,0.0,513,0,0,0,0,0,0,0,0,49493,0.0,1,0,0,1.0,1.0,1.0,0.0,2000000.0,40,1.0,1.0,1.0,0.0,1.0,0.0,0.0,0.0,0.0,0.0,20,2000000.0,2,2,0.0,0.0,0.0,0.0,0.0,0.0,0.0,0.0,0.0
1,0.0,0.0,0.0,0.0,0.0,19.0,25.3333333333,0,0,0,0,20,0.0,0.0,0.0,0.0,0.0,0.0,0.0,0.0,0.0,0.0,33.5536690937,1,1,1275.0394255612,176,38,0,0,0,0,0,1,0,51268,0.0,29803,1,0,29786.0,14901.5,17.0,21049.8617691423,100.6610072811,40,29803.0,29803.0,29803.0,0.0,29803.0,38.0,19.0,0.0,26.8700576851,38.0,20,67.1073381874,2,2,0.0,0.0,0.0,0.0,38.0,19.0,0.0,21.9393102292,481.3333333333
0,382216.0,382216.0,382216.0,0.0,615.6,46.75,265.53846153846155,946,3078,0,0,112,235760.0,74646.0,1.0,111343.44397104545,298584.0,1460.0,615.6,0.0,727.70103751472,3078.0,0.8110934220647907,5,5,559.9788985935315,8192,374,0,0,0,1,0,0,0,443,0.0,6164518,0,0,5782286.0,513709.83333333343,1.0,1660234.773741617,2.108842897368456,172,5782286.0,880645.4285714284,16.0,2162600.381505011,6164518.0,217.0,46.74999999999999,0.0,81.45244011077875,374.0,20,1.2977494753036651,8,8,5782286.0,5782286.0,5782286.0,0.0,1460.0,246.57142857142856,0.0,498.1329316381497,248136.41758241755
0,0.0,0.0,0.0,0.0,548.1428571428571,61.0,274.125,119,3837,0,0,152,69270.0,22772.33333333333,1.0,34126.939280671904,136634.0,1460.0,548.1428571428572,0.0,660.6356607014764,3837.0,20.123153700647965,7,7,12608.593161577426,8192,549,0,1,0,1,1,0,0,443,0.0,347858,0,0,141561.0,23190.533333333333,1.0,41726.39383765673,45.99577988719535,192,141561.0,43482.25000000001,20.0,50312.56220510795,347858.0,198.0,61.0,0.0,86.73811157732223,549.0,20,25.872626186547382,9,9,0.0,0.0,0.0,0.0,1460.0,258.0,0.0,479.8404682808652,230246.875
1,0.0,0.0,0.0,0.0,0.0,0.0,0.0,-1,0,0,0,0,0.0,0.0,0.0,0.0,0.0,0.0,0.0,0.0,0.0,0.0,0.0,0,0,0.0,32738,0,0,0,0,0,0,0,0,80,0.0,16221,0,0,16221.0,16221.0,16221.0,0.0,123.2969607,40,16221.0,16221.0,16221.0,0.0,16221.0,0.0,0.0,0.0,0.0,0.0,20,123.2969607,2,2,0.0,0.0,0.0,0.0,0.0,0.0,0.0,0.0,0.0
1,0.0,0.0,0.0,0.0,0.0,0.0,0.0,-1,0,0,0,0,0.0,0.0,0.0,0.0,0.0,0.0,0.0,0.0,0.0,0.0,0.0,0,0,0.0,32738,0,0,0,0,0,0,0,0,80,0.0,22513,0,0,22513.0,22513.0,22513.0,0.0,88.83756052,40,22513.0,22513.0,22513.0,0.0,22513.0,0.0,0.0,0.0,0.0,0.0,20,88.83756052,2,2,0.0,0.0,0.0,0.0,0.0,0.0,0.0,0.0,0.0
0,0.0,0.0,0.0,0.0,113.0,48.0,104.5,-1,113,0,0,8,0.0,0.0,0.0,0.0,0.0,113.0,113.0,113.0,0.0,113.0,80.3470994697,1,1,12935.8830146232,-1,48,0,0,0,0,0,0,0,53,1.0,12446,0,0,12446.0,12446.0,12446.0,0.0,160.6941989394,8,0.0,0.0,0.0,0.0,0.0,48.0,48.0,48.0,0.0,48.0,8,80.3470994697,1,1,0.0,0.0,0.0,0.0,113.0,69.6666666667,48.0,37.5277674973,1408.3333333333
1,0.0,0.0,0.0,0.0,0.0,25.6666666667,41.0,-1,0,0,0,0,0.0,0.0,0.0,0.0,0.0,0.0,0.0,0.0,0.0,0.0,0.0,0,0,168122.270742358,254,77,0,0,0,0,0,1,0,443,0.0,458,1,0,444.0,229.0,14.0,304.0559159102,6550.2183406114,60,444.0,229.0,14.0,304.0559159102,458.0,46.0,25.6666666667,0.0,23.4591844132,77.0,20,6550.2183406114,3,3,0.0,0.0,0.0,0.0,46.0,30.75,0.0,21.6852484422,470.25
0,0.0,0.0,0.0,0.0,71.0,55.0,90.5,-1,71,0,0,8,0.0,0.0,0.0,0.0,0.0,71.0,71.0,71.0,0.0,71.0,3278.688524590164,1,1,413114.7540983607,-1,55,0,0,0,0,0,0,0,53,1.0,305,0,0,305.0,305.0,305.0,0.0,6557.377049180328,8,0.0,0.0,0.0,0.0,0.0,55.0,55.0,55.0,0.0,55.0,8,3278.688524590164,1,1,0.0,0.0,0.0,0.0,71.0,60.333333333333336,55.0,9.237604307034012,85.33333333333333
0,0.0,0.0,0.0,0.0,233.75,103.3333333,177.8571429,219,935,0,0,92,11067.0,7169.333333,18.0,6201.601433,21508.0,935.0,233.75,0.0,467.5,935.0,185.9427296,4,4,57874.6746,65535,310,0,1,0,1,1,0,0,80,1.0,21512,0,0,11067.0,3585.333333,4.0,5450.174957,325.3997769,72,10154.0,5208.5,263.0,6993.993173,10417.0,310.0,103.3333333,0.0,178.9785834,310.0,20,139.4570472,3,3,0.0,0.0,0.0,0.0,935.0,155.625,0.0,333.0748254,110938.8393
0,0.0,0.0,0.0,0.0,197.625,143.5,170.5625,62852,1581,0,0,172,988494.0,379408.0,193277.0,288911.8866909656,2655856.0,1173.0,197.625,0.0,406.1217050167528,1581.0,2.891587864873207,8,8,986.3929104048729,8192,1148,0,1,0,1,1,0,0,3389,1.0,2766646,0,0,988494.0,184443.06666666665,3.0,249013.89384687145,5.783175729746414,172,1212533.0,395235.1428571429,3.0,447049.498800535,2766646.0,677.0,143.5,0.0,228.12966237897004,1148.0,20,2.891587864873207,8,8,0.0,0.0,0.0,0.0,1173.0,160.5294117647059,0.0,312.04409096453395,97371.51470588232
0,0.0,0.0,0.0,0.0,178.0,50.0,139.0,-1,178,0,0,8,0.0,0.0,0.0,0.0,0.0,178.0,178.0,178.0,0.0,178.0,2347.41784,1,1,535211.2676,-1,50,0,0,0,0,0,0,0,53,1.0,426,0,0,426.0,426.0,426.0,0.0,4694.835681,8,0.0,0.0,0.0,0.0,0.0,50.0,50.0,50.0,0.0,50.0,8,2347.41784,1,1,0.0,0.0,0.0,0.0,178.0,92.66666667,50.0,73.90083446,5461.333333
0,0.0,0.0,0.0,0.0,204.14285714285717,147.42857142857142,175.78571428571428,62968,1429,0,0,152,953116.0,303836.1666666667,146592.0,319723.1037334754,1823017.0,1149.0,204.1428571428571,0.0,420.4990798925441,1429.0,3.555012033715734,7,7,1249.8406592820602,8192,1032,0,0,0,1,0,0,0,3389,1.0,1969051,0,0,953116.0,151465.46153846153,81.0,253071.38122165436,7.110024067431468,152,1159623.0,328175.1666666667,146380.0,408381.71802391775,1969051.0,565.0,147.42857142857142,0.0,198.3825069093015,1032.0,20,3.555012033715734,7,7,0.0,0.0,0.0,0.0,1149.0,164.06666666666666,0.0,309.04795436184025,95510.63809523809
0,0.0,0.0,0.0,0.0,246.7142857142857,164.88888888888889,200.6875,62718,1727,0,0,152,951635.0,240204.16666666663,26582.0,367177.1955464645,1441225.0,1175.0,246.7142857142857,0.0,426.1974168096729,1727.0,4.774278913374119,7,7,2190.029941549185,8192,1484,0,1,0,1,1,0,0,3389,0.0,1466190,0,0,951635.0,97746.0,0.0,249837.09585076204,10.9126375162837,192,1029176.0,183273.75,0.0,358362.6088856888,1466190.0,773.0,164.88888888888889,0.0,236.74323878647752,1484.0,20,6.138358602909581,9,9,0.0,0.0,0.0,0.0,1175.0,188.88235294117644,0.0,316.47608170937286,100157.11029411764
0,5074002.0,2543483.5,12965.0,3578693.58253602,979.3666666667,54.9230769231,550.1607142857,70,29381,0,0,612,58187993.0,2414690.68965517,1.0,10809784.9442056,70026030.0,1460.0,979.3666666667,0.0,614.4364102972,29381.0,0.428035809,30,30,439.5785080024,8192,1428,0,0,0,1,0,0,0,443,1.0,70087594,0,0,58176147.0,1274319.89090909,1.0,7875279.21445785,0.7990001768,532,58176147.0,2803503.76,45.0,11622572.4937878,70087594.0,256.0,54.9230769231,0.0,83.1398451175,1428.0,20,0.3709643678,26,26,58176147.0,32469239.5,6762332.0,36355057.2331706,1460.0,540.5087719298,0.0,645.3391169103,416462.575814536
0,594426.0,246515.3333333333,72517.0,301299.478649289,379.54545454545456,104.5,248.57142857142856,124,4175,0,0,256,10084868.0,3047660.9,0.0,4798551.4536858,30476609.0,1460.0,379.5454545454546,0.0,599.1584704627589,4175.0,0.3600738937097873,11,11,170.8714295604627,8192,1045,0,1,0,1,1,0,0,443,1.0,30549285,0,0,10005404.0,1527464.2499999998,0.0,3624671.739532748,0.6874137970823212,212,10077921.0,2293432.5555555555,4697.0,4382745.844337603,20640893.0,713.0,104.5,0.0,225.25553390661804,1045.0,20,0.3273399033725339,10,10,10005404.0,9936579.666666666,9835789.0,89211.5289989659,1460.0,237.27272727272725,0.0,463.00315558095497,214371.922077922
0,3354664.0,3354664.0,3354664.0,0.0,175.66666666666666,125.77777777777776,150.72222222222223,62868,1581,0,0,204,10183229.0,1906952.125,160965.0,3495833.338007669,15255617.0,1173.0,175.66666666666666,0.0,385.561279176216,1581.0,0.5837450357349253,9,9,175.96669799431692,8192,1132,0,0,0,1,0,0,0,3389,1.0,15417690,0,0,10183229.0,906922.9411764708,2.0,2498764.145392465,1.1674900714698506,204,10385559.0,1927211.25,2.0,3563616.201377942,15417690.0,661.0,125.77777777777776,0.0,213.67368683215173,1132.0,20,0.5837450357349253,9,9,10183229.0,10183229.0,10183229.0,0.0,1173.0,142.78947368421052,0.0,296.95053440437,88179.61988304094
0,0.0,0.0,0.0,0.0,167.0,85.0,168.5,-1,167,0,0,8,0.0,0.0,0.0,0.0,0.0,167.0,167.0,167.0,0.0,167.0,88.02816901408451,1,1,22183.098591549297,-1,85,0,0,0,0,0,0,0,53,1.0,11360,0,0,11360.0,11360.0,11360.0,0.0,176.05633802816902,8,0.0,0.0,0.0,0.0,0.0,85.0,85.0,85.0,0.0,85.0,8,88.02816901408451,1,1,0.0,0.0,0.0,0.0,167.0,112.33333333333331,85.0,47.34272207354931,2241.333333333333
1,0.0,0.0,0.0,0.0,0.0,0.0,0.0,-1,0,0,0,0,0.0,0.0,0.0,0.0,0.0,0.0,0.0,0.0,0.0,0.0,0.0,0,0,0.0,256,0,0,0,0,0,0,0,0,34672,0.0,20,0,0,20.0,20.0,20.0,0.0,100000.0,40,20.0,20.0,20.0,0.0,20.0,0.0,0.0,0.0,0.0,0.0,20,100000.0,2,2,0.0,0.0,0.0,0.0,0.0,0.0,0.0,0.0,0.0
0,0.0,0.0,0.0,0.0,143.16666666666666,130.5,137.4090909090909,62872,1718,0,0,276,951662.0,311742.36363636365,21618.0,298666.12737713417,3429166.0,1173.0,143.16666666666666,0.0,334.16812136009224,1718.0,3.331349329732515,12,12,839.2224186484493,8192,1305,0,0,0,1,0,0,0,3389,1.0,3602144,0,0,951662.0,171530.6666666667,3.0,259972.88167544195,6.107473771176277,212,1186256.0,400238.2222222223,3.0,400830.7854396846,3602144.0,661.0,130.5,0.0,198.74005915041664,1305.0,20,2.7761244414437622,10,10,0.0,0.0,0.0,0.0,1173.0,131.43478260869568,0.0,269.9129196421011,72852.98418972331
0,0.0,0.0,0.0,0.0,101.0,40.0,90.5,-1,101,0,0,8,0.0,0.0,0.0,0.0,0.0,101.0,101.0,101.0,0.0,101.0,75.7460990759,1,1,10680.1999697016,-1,40,0,0,0,0,0,0,0,53,1.0,13202,0,0,13202.0,13202.0,13202.0,0.0,151.4921981518,8,0.0,0.0,0.0,0.0,0.0,40.0,40.0,40.0,0.0,40.0,8,75.7460990759,1,1,0.0,0.0,0.0,0.0,101.0,60.3333333333,40.0,35.2183664206,1240.3333333333
0,0.0,0.0,0.0,0.0,60.0,44.0,74.0,-1,60,0,0,8,0.0,0.0,0.0,0.0,0.0,60.0,60.0,60.0,0.0,60.0,1876.1726078799247,1,1,195121.95121951215,-1,44,0,0,0,0,0,0,0,53,1.0,533,0,0,533.0,533.0,533.0,0.0,3752.3452157598495,8,0.0,0.0,0.0,0.0,0.0,44.0,44.0,44.0,0.0,44.0,8,1876.1726078799247,1,1,0.0,0.0,0.0,0.0,60.0,49.333333333333336,44.0,9.237604307034012,85.33333333333333
0,0.0,0.0,0.0,0.0,58.0,42.0,71.0,-1,58,0,0,8,0.0,0.0,0.0,0.0,0.0,58.0,58.0,58.0,0.0,58.0,1960.7843137254904,1,1,196078.431372549,-1,42,0,0,0,0,0,0,0,53,1.0,510,0,0,510.0,510.0,510.0,0.0,3921.56862745098,8,0.0,0.0,0.0,0.0,0.0,42.0,42.0,42.0,0.0,42.0,8,1960.7843137254904,1,1,0.0,0.0,0.0,0.0,58.0,47.333333333333336,42.0,9.237604307034012,85.33333333333333
0,0.0,0.0,0.0,0.0,42.5,57.2,50.6666666667,0,170,0,0,92,184403.0,183862.0,183494.0,478.5572066117,551586.0,131.0,42.5,0.0,61.7980582219,170.0,7.2512372424,4,4,826.6410456284,8192,286,0,0,0,1,0,0,0,445,0.0,551630,0,0,184342.0,68953.75,44.0,94990.2075986933,16.3152837953,108,184474.0,137892.25,125.0,91846.0993777997,551569.0,103.0,57.2,0.0,52.4852360193,286.0,20,9.0640465529,5,5,0.0,0.0,0.0,0.0,131.0,45.6,0.0,52.9846938066,2807.3777777778
1,0.0,0.0,0.0,0.0,0.0,0.0,0.0,-1,0,0,0,0,0.0,0.0,0.0,0.0,0.0,0.0,0.0,0.0,0.0,0.0,0.0,0,0,0.0,225,0,0,0,0,0,0,0,0,80,0.0,2620,0,0,2620.0,2620.0,2620.0,0.0,763.3587786,64,2620.0,2620.0,2620.0,0.0,2620.0,0.0,0.0,0.0,0.0,0.0,32,763.3587786,2,2,0.0,0.0,0.0,0.0,0.0,0.0,0.0,0.0,0.0
0,0.0,0.0,0.0,0.0,225.8571428571429,112.8,159.35294117647058,62872,1581,0,0,152,951615.0,340783.3333333333,131503.0,311062.9161682033,2044700.0,1173.0,225.8571428571429,0.0,430.0986044197418,1581.0,3.218387845160602,7,7,1245.516096077153,8192,1128,0,1,0,1,1,0,0,3389,0.0,2175002,0,0,951615.0,135937.625,49.0,235106.0238470791,7.816084766818605,212,1139754.0,241666.88888888888,52.0,349025.52981209144,2175002.0,661.0,112.8,0.0,205.1388689535836,1128.0,20,4.597696921658003,10,10,0.0,0.0,0.0,0.0,1173.0,150.5,0.0,303.43722095158915,92074.14705882354
1,0.0,0.0,0.0,0.0,0.0,10.333333333333334,7.75,0,0,0,0,20,0.0,0.0,0.0,0.0,0.0,0.0,0.0,0.0,0.0,0.0,21739.130434782608,1,1,673913.0434782609,980,31,0,0,0,0,0,0,0,51499,0.0,46,0,0,23.0,15.333333333333334,9.0,7.094598884597588,86956.52173913043,60,23.0,23.0,23.0,0.0,46.0,31.0,10.333333333333332,0.0,17.8978583448784,31.0,20,65217.391304347824,3,3,0.0,0.0,0.0,0.0,31.0,6.2,0.0,13.863621460498695,192.2
0,172743.0,125322.0,77901.0,67063.42134129454,360.3125,75.0,227.16666666666663,70,5765,0,0,332,58377841.0,7771334.666666666,1.0,20478927.285702422,116570020.0,1460.0,360.3125,0.0,583.298862076723,5765.0,0.1371650128195278,16,16,58.423722647817634,8192,1050,0,1,0,1,1,0,0,443,1.0,116647822,0,0,58351175.0,4022338.6896551726,1.0,14995208.260683792,0.2571843990366146,292,58414656.0,8972909.384615384,33.0,21843985.41631578,116647822.0,418.0,75.0,0.0,120.40189111727186,1050.0,20,0.1200193862170868,14,14,58351175.0,58159635.5,57968096.0,270877.75863016146,1460.0,219.83870967741936,0.0,445.3377068229004,198325.67311827964
0,0.0,0.0,0.0,0.0,132.0,30.0,88.5,-1,264,0,0,16,37.0,37.0,37.0,0.0,37.0,132.0,132.0,132.0,0.0,264.0,43.9299756189,2,2,7116.6560502559,-1,60,0,0,0,0,0,0,0,53,1.0,45527,0,0,37783.0,15175.6666666667,37.0,19950.5855887323,87.8599512377,16,37783.0,37783.0,37783.0,0.0,37783.0,30.0,30.0,30.0,0.0,60.0,8,43.9299756189,2,2,0.0,0.0,0.0,0.0,132.0,70.8,30.0,55.8677008655,3121.2
0,0.0,0.0,0.0,0.0,876.4285714286,120.1428571429,573.9142857143,32306,18405,0,0,424,5004901.0,408476.3,18.0,1255813.00660996,8169526.0,1460.0,876.4285714286,0.0,697.0707691066,18405.0,2.5427650705,21,21,2432.2153320016,8192,1682,0,0,0,1,0,0,0,443,1.0,8258726,0,0,4842006.0,242903.705882353,7.0,934820.366747522,4.2379417842,292,2707403.0,262823.230769231,241.0,736567.831364968,3416702.0,557.0,120.1428571429,0.0,230.1016020213,1682.0,20,1.6951767137,14,14,0.0,0.0,0.0,0.0,1460.0,557.9722222222,0.0,666.1450072131,443749.170634921
0,0.0,0.0,0.0,0.0,133.25,88.3636363636,109.7380952381,230,2665,0,0,648,146958.0,20140.1052631579,8.0,38305.4511872001,382662.0,976.0,133.25,0.0,268.7712537496,2665.0,52.264353098,20,20,12044.3201714271,26883,1944,0,0,0,1,0,0,0,22,0.0,382670,0,0,107946.0,9333.4146341463,3.0,20954.1614876086,109.7551415057,712,107946.0,18190.7619047619,224.0,27163.1140241776,382006.0,640.0,88.3636363636,0.0,137.8690011274,1944.0,32,57.4907884078,22,22,0.0,0.0,0.0,0.0,976.0,107.1860465116,0.0,207.2815265026,42965.6312292359
0,0.0,0.0,0.0,0.0,106.0,45.0,98.0,-1,106,0,0,8,0.0,0.0,0.0,0.0,0.0,106.0,106.0,106.0,0.0,106.0,80.5412371134,1,1,12161.7268041237,-1,45,0,0,0,0,0,0,0,53,1.0,12416,0,0,12416.0,12416.0,12416.0,0.0,161.0824742268,8,0.0,0.0,0.0,0.0,0.0,45.0,45.0,45.0,0.0,45.0,8,80.5412371134,1,1,0.0,0.0,0.0,0.0,106.0,65.3333333333,45.0,35.2183664206,1240.3333333333
0,0.0,0.0,0.0,0.0,83.0,35.0,76.5,-1,83,0,0,8,0.0,0.0,0.0,0.0,0.0,83.0,83.0,83.0,0.0,83.0,886.5248227,1,1,104609.9291,-1,35,0,0,0,0,0,0,0,53,1.0,1128,0,0,1128.0,1128.0,1128.0,0.0,1773.049645,8,0.0,0.0,0.0,0.0,0.0,35.0,35.0,35.0,0.0,35.0,8,886.5248227,1,1,0.0,0.0,0.0,0.0,83.0,51.0,35.0,27.71281292,768.0
0,0.0,0.0,0.0,0.0,0.0,0.0,0.0,-1,0,0,0,0,0.0,0.0,0.0,0.0,0.0,0.0,0.0,0.0,0.0,0.0,0.0,0,0,0.0,-1,0,0,0,0,0,0,0,0,0,0.0,112640743,0,0,56300000.0,56300000.0,56300000.0,75.66042559,0.026633347,0,56300000.0,56300000.0,56300000.0,75.66042559,113000000.0,0.0,0.0,0.0,0.0,0.0,0,0.026633347,3,3,56300000.0,56300000.0,56300000.0,75.66042559,0.0,0.0,0.0,0.0,0.0
0,0.0,0.0,0.0,0.0,133.0,51.0,104.75,-1,266,0,0,16,20605.0,20605.0,20605.0,0.0,20605.0,133.0,133.0,133.0,0.0,266.0,92.37021984,2,2,16996.12045,-1,102,0,0,0,0,0,0,0,53,1.0,21652,0,0,20216.0,7217.333333,389.0,11261.98217,184.7404397,16,21263.0,21263.0,21263.0,0.0,21263.0,51.0,51.0,51.0,0.0,102.0,8,92.37021984,2,2,0.0,0.0,0.0,0.0,133.0,83.8,51.0,44.91324972,2017.2
0,0.0,0.0,0.0,0.0,32.25,108.6666667,65.0,219,129,0,0,92,9551.0,3314.333333,50.0,5403.084705,9943.0,112.0,32.25,0.0,53.7672453,129.0,385.2080123,4,4,43817.4114,8192,326,0,1,0,1,1,0,0,8080,1.0,10384,0,0,9551.0,1730.666667,21.0,3834.448209,674.1140216,72,462.0,267.0,72.0,275.7716447,534.0,326.0,108.6666667,0.0,188.2161878,326.0,20,288.9060092,3,3,0.0,0.0,0.0,0.0,326.0,56.875,0.0,115.4066568,13318.69643
0,0.0,0.0,0.0,0.0,125.0,77.0,139.5,-1,125,0,0,20,0.0,0.0,0.0,0.0,0.0,125.0,125.0,125.0,0.0,125.0,20.5998681608,1,1,4161.1733684905,-1,77,0,0,0,0,0,0,0,53,1.0,48544,0,0,48544.0,48544.0,48544.0,0.0,41.1997363217,20,0.0,0.0,0.0,0.0,0.0,77.0,77.0,77.0,0.0,77.0,20,20.5998681608,1,1,0.0,0.0,0.0,0.0,125.0,93.0,77.0,27.7128129211,768.0
0,0.0,0.0,0.0,0.0,225.8571428571429,127.55555555555556,170.5625,62852,1581,0,0,152,951634.0,309154.3333333333,98381.0,337192.62412553845,1854926.0,1173.0,225.8571428571429,0.0,430.0986044197418,1581.0,3.58339454965689,7,7,1397.0119608590933,8192,1148,0,1,0,1,1,0,0,3389,0.0,1953455,0,0,951634.0,130230.33333333334,30.0,239765.0175155627,8.190616113501463,192,1113526.0,244181.875,2965.0,359326.4703002142,1953455.0,677.0,127.55555555555556,0.0,218.69105555046775,1148.0,20,4.607221563844573,9,9,0.0,0.0,0.0,0.0,1173.0,160.5294117647059,0.0,312.04409096453395,97371.51470588232
0,5396551.0,5396551.0,5396551.0,0.0,270.29487179487177,156.39344262295083,220.3093525179856,160,21083,0,0,1572,58079816.0,824145.5844155845,0.0,6617672.662588781,63459210.0,1460.0,270.29487179487177,0.0,461.88723841682514,21083.0,1.2276260045561294,78,78,481.9691171477224,8192,9540,0,0,0,1,0,0,0,443,1.0,63537266,0,0,58062751.0,460414.9710144928,0.0,4944311.775383844,2.187692495298743,1232,58062751.0,1058954.433333333,109.0,7491375.779484402,63537266.0,664.0,156.3934426229508,0.0,230.10499622915077,9540.0,20,0.960066490742614,61,61,58062751.0,58062751.0,58062751.0,0.0,1460.0,218.7357142857144,0.0,380.2341310281952,144577.9943987667
1,0.0,0.0,0.0,0.0,0.0,0.0,0.0,-1,0,0,0,0,0.0,0.0,0.0,0.0,0.0,0.0,0.0,0.0,0.0,0.0,0.0,0,0,0.0,2049,0,0,0,0,0,0,0,0,80,0.0,37627321,0,0,37600000.0,37600000.0,37600000.0,0.0,0.053152867,40,37600000.0,37600000.0,37600000.0,0.0,37600000.0,0.0,0.0,0.0,0.0,0.0,20,0.053152867,2,2,37600000.0,37600000.0,37600000.0,0.0,0.0,0.0,0.0,0.0,0.0
1,0.0,0.0,0.0,0.0,122.6666667,187.0,162.875,211,368,0,0,104,98457.0,49371.0,285.0,69418.08692,98742.0,368.0,122.6666667,0.0,212.4648991,368.0,0.700964387,3,3,304.4521987,237,935,0,0,0,0,0,0,0,41254,0.0,4279818,0,0,4155639.0,611402.5714,6.0,1563275.505,1.869238365,168,4155645.0,1069954.5,45.0,2057552.754,4279818.0,935.0,187.0,0.0,418.1447118,935.0,32,1.168273978,5,5,0.0,0.0,0.0,0.0,935.0,144.7777778,0.0,320.3520633,102625.4444
0,0.0,0.0,0.0,0.0,138.0,187.0,173.0,32768,276,0,0,40,13777.0,13777.0,13777.0,0.0,13777.0,276.0,138.0,0.0,195.1614716,276.0,137.532664,2,2,83276.02806,65535,935,0,1,0,1,1,0,0,58151,0.0,14542,0,0,13777.0,2423.666667,6.0,5564.656959,481.364324,124,14201.0,3635.5,6.0,7044.93409,14542.0,935.0,187.0,0.0,418.1447118,935.0,20,343.83166,5,5,0.0,0.0,0.0,0.0,935.0,151.375,0.0,331.0342829,109583.6964
0,0.0,0.0,0.0,0.0,121.1363636364,91.2727272727,106.2045454545,230,2665,0,0,712,144502.0,15103.2380952381,13.0,34925.5231799107,317168.0,976.0,121.1363636364,0.0,258.6415602914,2665.0,69.3634328593,22,22,14733.4237159883,26883,2008,0,0,0,1,0,0,0,22,1.0,317170,0,0,107811.0,7376.0465116279,2.0,19112.3945572519,138.7268657187,712,107811.0,15080.9047619048,293.0,26090.6033906937,316699.0,640.0,91.2727272727,0.0,138.1821371607,2008.0,32,69.3634328593,22,22,0.0,0.0,0.0,0.0,976.0,103.8444444444,0.0,203.7502878476,41514.1797979798
0,0.0,0.0,0.0,0.0,128.0,35.0,99.0,-1,128,0,0,8,0.0,0.0,0.0,0.0,0.0,128.0,128.0,128.0,0.0,128.0,18.851918182675085,1,1,3072.862663776039,-1,35,0,0,0,0,0,0,0,53,1.0,53045,0,0,53045.0,53045.0,53045.0,0.0,37.70383636535017,8,0.0,0.0,0.0,0.0,0.0,35.0,35.0,35.0,0.0,35.0,8,18.851918182675085,1,1,0.0,0.0,0.0,0.0,128.0,66.0,35.0,53.6935750346352,2883.0
1,0.0,0.0,0.0,0.0,0.0,0.0,0.0,256,0,0,0,20,0.0,0.0,0.0,0.0,0.0,0.0,0.0,0.0,0.0,0.0,21276.5957446809,1,1,0.0,127,0,0,0,0,0,0,0,1,49510,1.0,47,0,0,47.0,47.0,47.0,0.0,42553.1914893617,20,0.0,0.0,0.0,0.0,0.0,0.0,0.0,0.0,0.0,0.0,20,21276.5957446809,1,1,0.0,0.0,0.0,0.0,0.0,0.0,0.0,0.0,0.0
0,0.0,0.0,0.0,0.0,225.8571428571,127.5555555556,170.5625,62852,1581,0,0,152,937509.0,432163.0,243393.0,277147.35195199,2592978.0,1173.0,225.8571428571,0.0,430.0986044197,1581.0,2.4692490308,7,7,962.6543721582,8192,1148,0,0,0,1,0,0,0,3389,0.0,2834870,0,0,937509.0,188991.333333333,3.0,249680.951081766,5.6439977847,192,1242627.0,354358.75,3.0,379874.478941494,2834870.0,677.0,127.5555555556,0.0,218.6910555505,1148.0,20,3.1747487539,9,9,0.0,0.0,0.0,0.0,1173.0,160.5294117647,0.0,312.0440909645,97371.5147058823
0,0.0,0.0,0.0,0.0,55.0,39.0,66.5,-1,55,0,0,8,0.0,0.0,0.0,0.0,0.0,55.0,55.0,55.0,0.0,55.0,803.2128514056225,1,1,75502.00803212852,-1,39,0,0,0,0,0,0,0,53,1.0,1245,0,0,1245.0,1245.0,1245.0,0.0,1606.425702811245,8,0.0,0.0,0.0,0.0,0.0,39.0,39.0,39.0,0.0,39.0,8,803.2128514056225,1,1,0.0,0.0,0.0,0.0,55.0,44.333333333333336,39.0,9.237604307034012,85.33333333333333
1,0.0,0.0,0.0,0.0,0.0,0.0,0.0,-1,0,0,0,0,0.0,0.0,0.0,0.0,0.0,0.0,0.0,0.0,0.0,0.0,0.0,0,0,0.0,225,0,0,0,0,0,0,0,0,80,0.0,1246,0,0,1246.0,1246.0,1246.0,0.0,1605.136437,64,1246.0,1246.0,1246.0,0.0,1246.0,0.0,0.0,0.0,0.0,0.0,32,1605.136437,2,2,0.0,0.0,0.0,0.0,0.0,0.0,0.0,0.0,0.0
0,0.0,0.0,0.0,0.0,204.14285714285717,129.0,164.06666666666666,62968,1429,0,0,152,953137.0,423118.8333333334,300193.0,261000.620122188,2538713.0,1149.0,204.1428571428571,0.0,420.4990798925441,1429.0,2.470505691339254,7,7,868.5592151979863,64240,1032,0,0,0,1,0,0,0,3389,0.0,2833428,0,0,953137.0,202387.71428571432,67.0,261061.2216029703,5.2939407671555445,172,1310534.0,404775.4285714286,67.0,415215.5996996649,2833428.0,565.0,129.0,0.0,190.9195791800456,1032.0,20,2.8234350758162905,8,8,0.0,0.0,0.0,0.0,1149.0,153.8125,0.0,301.3729071543537,90825.62916666668
0,0.0,0.0,0.0,0.0,134.0,47.0,114.0,-1,134,0,0,8,0.0,0.0,0.0,0.0,0.0,134.0,134.0,134.0,0.0,134.0,1190.4761904761904,1,1,215476.19047619047,-1,47,0,0,0,0,0,0,0,53,1.0,840,0,0,840.0,840.0,840.0,0.0,2380.9523809523807,8,0.0,0.0,0.0,0.0,0.0,47.0,47.0,47.0,0.0,47.0,8,1190.4761904761904,1,1,0.0,0.0,0.0,0.0,134.0,76.0,47.0,50.22947341949744,2523.0
1,0.0,0.0,0.0,0.0,0.0,0.0,0.0,255,0,0,0,20,0.0,0.0,0.0,0.0,0.0,0.0,0.0,0.0,0.0,0.0,27777.777777777777,1,1,0.0,172,0,0,0,0,0,0,0,1,50965,1.0,36,0,0,36.0,36.0,36.0,0.0,55555.55555555556,20,0.0,0.0,0.0,0.0,0.0,0.0,0.0,0.0,0.0,0.0,20,27777.777777777777,1,1,0.0,0.0,0.0,0.0,0.0,0.0,0.0,0.0,0.0
1,0.0,0.0,0.0,0.0,0.0,0.0,0.0,-1,0,0,0,0,0.0,0.0,0.0,0.0,0.0,0.0,0.0,0.0,0.0,0.0,0.0,0,0,0.0,260,0,0,0,0,0,0,0,0,15535,0.0,41,0,0,41.0,41.0,41.0,0.0,48780.487804878045,40,41.0,41.0,41.0,0.0,41.0,0.0,0.0,0.0,0.0,0.0,20,48780.487804878045,2,2,0.0,0.0,0.0,0.0,0.0,0.0,0.0,0.0,0.0
1,0.0,0.0,0.0,0.0,0.0,0.0,0.0,-1,0,0,0,0,0.0,0.0,0.0,0.0,0.0,0.0,0.0,0.0,0.0,0.0,0.0,0,0,0.0,259,0,0,0,0,0,0,0,0,57233,0.0,155,0,0,155.0,155.0,155.0,0.0,12903.225806451614,40,155.0,155.0,155.0,0.0,155.0,0.0,0.0,0.0,0.0,0.0,20,12903.225806451614,2,2,0.0,0.0,0.0,0.0,0.0,0.0,0.0,0.0,0.0
0,0.0,0.0,0.0,0.0,153.0,130.5,143.2173913043478,62872,1989,0,0,296,953234.0,294727.9166666666,11353.0,257348.8850997481,3536735.0,1173.0,153.0,0.0,323.23005223318376,1989.0,3.4964856285027053,13,13,885.9556661759932,8192,1305,0,0,0,1,0,0,0,3389,1.0,3718019,0,0,953234.0,169000.8636363636,27.0,234599.8629349041,6.186089958120171,212,1609801.0,413113.2222222223,99.0,486403.519816052,3718019.0,661.0,130.5,0.0,198.74005915041664,1305.0,20,2.689604329617466,10,10,0.0,0.0,0.0,0.0,1173.0,137.25000000000003,0.0,266.3544957219689,70944.71739130434
0,0.0,0.0,0.0,0.0,250.3636363636364,135.7,195.7619047619048,62852,2754,0,0,244,1609244.0,617336.5,40561.0,547465.7127805153,6173365.0,1173.0,250.3636363636364,0.0,464.0491941006412,2754.0,1.714740989153016,11,11,640.8454733098226,8192,1357,0,0,0,1,0,0,0,3389,1.0,6414963,0,0,1609244.0,320748.15,3.0,444952.1806088327,3.273596433837576,212,1980130.0,712773.6666666666,3.0,714253.519210441,6414963.0,677.0,135.7,0.0,207.7862416576762,1357.0,20,1.5588554446845602,10,10,0.0,0.0,0.0,0.0,1173.0,186.8636363636364,0.0,355.0615366456846,126068.69480519484
1,0.0,0.0,0.0,0.0,123.0,187.0,163.0,211,369,0,0,104,17609.0,13978.0,10347.0,5135.009445,27956.0,369.0,123.0,0.0,213.0422493,369.0,0.672668514,3,3,292.3865808,219,935,0,0,0,0,0,0,0,51312,0.0,4459849,0,0,4406042.0,637121.2857,4.0,1661967.954,1.793782704,168,4406054.0,1114962.25,28.0,2194097.862,4459849.0,935.0,187.0,0.0,418.1447118,935.0,32,1.12111419,5,5,0.0,0.0,0.0,0.0,935.0,144.8888889,0.0,320.4393252,102681.3611
0,0.0,0.0,0.0,0.0,61.0,62.16666666666666,61.63636363636363,0,305,0,0,112,339598.0,228347.75,114284.0,121397.98628855696,913391.0,133.0,61.0,0.0,67.62765706425145,305.0,5.47377132991843,5,5,742.2433923369391,8192,373,0,0,0,1,0,0,0,445,0.0,913447,0,0,326763.0,91344.7,52.0,113969.90210679894,12.042296925820546,144,441344.0,182675.6,3666.0,164638.23603373548,913378.0,140.0,62.16666666666666,0.0,69.85246356905866,373.0,20,6.568525595902115,6,6,0.0,0.0,0.0,0.0,140.0,56.5,0.0,64.79127326198406,4197.909090909091
0,0.0,0.0,0.0,0.0,225.8571428571429,143.5,181.9333333333333,62852,1581,0,0,152,953123.0,251209.0,98235.0,344474.32576957025,1507254.0,1173.0,225.8571428571429,0.0,430.0986044197418,1581.0,4.356246359422685,7,7,1698.313759266358,8192,1148,0,0,0,1,0,0,0,3389,0.0,1606888,0,0,953123.0,114777.71428571428,110.0,245910.4662684645,9.334813627334324,172,1102917.0,229555.42857142855,110.0,386946.65892982256,1606888.0,677.0,143.5,0.0,228.12966237897004,1148.0,20,4.97856726791164,8,8,0.0,0.0,0.0,0.0,1173.0,170.56250000000003,0.0,319.4332415909987,102037.59583333335
0,0.0,0.0,0.0,0.0,0.0,0.0,0.0,26883,0,0,0,32,0.0,0.0,0.0,0.0,0.0,0.0,0.0,0.0,0.0,0.0,0.1678486287,1,1,0.0,8192,0,0,0,0,1,0,0,0,80,0.0,5957749,0,0,5945686.0,1985916.33333333,46.0,3429266.34806927,0.6713945149,72,5945686.0,2978874.5,12063.0,4195705.06030447,5957749.0,0.0,0.0,0.0,0.0,0.0,20,0.5035458862,3,3,0.0,0.0,0.0,0.0,0.0,0.0,0.0,0.0,0.0
1,32099.0,32043.5,31968.0,60.11378100458104,0.0,0.8333333333333334,0.5454545454545454,980,0,0,0,160,10046708.0,10046610.25,10046495.0,92.34491503767173,40186441.0,0.0,0.0,0.0,0.0,0.0,0.1099676576321491,5,5,0.1099676576321491,253,5,0,0,0,0,0,0,0,80,0.0,45467914,0,0,10014657.0,4546791.4,31968.0,4966510.141006174,0.241928846790728,120,10046644.0,9093582.8,5281387.0,2131082.238098216,45467914.0,1.0,0.8333333333333334,0.0,0.408248290463863,5.0,20,0.1319611891585789,6,6,10014657.0,10014588.25,10014527.0,56.882188190196025,1.0,0.4999999999999999,0.0,0.5222329678670934,0.2727272727272726
0,0.0,0.0,0.0,0.0,60.75,49.333333333333336,55.85714285714285,149,243,0,0,92,395.0,211.66666666666669,0.0,199.01842460770644,635.0,243.0,60.75,0.0,121.5,243.0,4454.342984409799,4,4,435412.0267260578,8192,148,0,0,0,1,0,0,0,80,1.0,898,0,0,263.0,149.66666666666666,0.0,102.94594050600864,7795.100222717149,72,319.0,242.5,166.0,108.18733752154178,485.0,148.0,49.333333333333336,0.0,85.44783984006462,148.0,20,3340.7572383073493,3,3,0.0,0.0,0.0,0.0,243.0,48.875,0.0,93.99306585366512,8834.69642857143
1,0.0,0.0,0.0,0.0,0.0,0.0,0.0,-1,0,0,0,0,0.0,0.0,0.0,0.0,0.0,0.0,0.0,0.0,0.0,0.0,0.0,0,0,0.0,512,0,0,0,0,0,0,0,0,52165,0.0,1,0,0,1.0,1.0,1.0,0.0,2000000.0,40,1.0,1.0,1.0,0.0,1.0,0.0,0.0,0.0,0.0,0.0,20,2000000.0,2,2,0.0,0.0,0.0,0.0,0.0,0.0,0.0,0.0,0.0
1,0.0,0.0,0.0,0.0,41.0,25.8,35.16666667,32,41,0,0,20,0.0,0.0,0.0,0.0,0.0,41.0,41.0,41.0,0.0,41.0,0.222707725,1,1,37.86031326,1118,129,0,0,0,0,0,1,0,443,0.0,4490190,1,0,4474521.0,898038.0,3.0,1999325.532,1.33624635,100,4474521.0,1122547.5,3.0,2234660.484,4490190.0,45.0,25.8,6.0,18.78030884,129.0,20,1.113538625,5,5,0.0,0.0,0.0,0.0,45.0,30.14285714,6.0,17.03358028,290.1428571
0,0.0,0.0,0.0,0.0,175.0,47.0,122.75,-1,350,0,0,16,283014.0,283014.0,283014.0,0.0,283014.0,175.0,175.0,175.0,0.0,350.0,7.059728835815416,2,2,1567.2598015510223,-1,94,0,0,0,0,0,0,0,53,1.0,283297,0,0,173750.0,94432.33333333334,283.0,87679.43757993281,14.119457671630832,16,109547.0,109547.0,109547.0,0.0,109547.0,47.0,47.0,47.0,0.0,94.0,8,7.059728835815416,2,2,0.0,0.0,0.0,0.0,175.0,98.2,47.0,70.10848736066126,4915.199999999999
1,0.0,0.0,0.0,0.0,0.0,0.0,0.0,-1,0,0,0,0,0.0,0.0,0.0,0.0,0.0,0.0,0.0,0.0,0.0,0.0,0.0,0,0,0.0,257,0,0,0,0,0,0,0,0,59037,0.0,161,0,0,161.0,161.0,161.0,0.0,12422.360248447205,40,161.0,161.0,161.0,0.0,161.0,0.0,0.0,0.0,0.0,0.0,20,12422.360248447205,2,2,0.0,0.0,0.0,0.0,0.0,0.0,0.0,0.0,0.0
1,0.0,0.0,0.0,0.0,0.0,0.0,0.0,-1,0,0,0,0,0.0,0.0,0.0,0.0,0.0,0.0,0.0,0.0,0.0,0.0,0.0,0,0,0.0,225,0,0,0,0,0,0,0,0,80,0.0,59886,0,0,40697.0,29943.0,19189.0,15208.45265,50.09518084,96,40697.0,29943.0,19189.0,15208.45265,59886.0,0.0,0.0,0.0,0.0,0.0,32,50.09518084,3,3,0.0,0.0,0.0,0.0,0.0,0.0,0.0,0.0,0.0
0,0.0,0.0,0.0,0.0,6.0,0.0,3.0,0,6,0,0,20,0.0,0.0,0.0,0.0,0.0,6.0,6.0,6.0,0.0,6.0,76923.07692,1,1,461538.4615,29200,0,0,0,0,1,0,0,0,1032,1.0,13,0,0,13.0,13.0,13.0,0.0,153846.1538,40,0.0,0.0,0.0,0.0,0.0,0.0,0.0,0.0,0.0,0.0,40,76923.07692,1,1,0.0,0.0,0.0,0.0,6.0,2.0,0.0,3.464101615,12.0
0,0.0,0.0,0.0,0.0,137.5,187.0,172.8571429,32768,275,0,0,40,15321.0,15321.0,15321.0,0.0,15321.0,275.0,137.5,0.0,194.4543648,275.0,126.0318861,2,2,76249.29107,65535,935,0,1,0,1,1,0,0,53680,0.0,15869,0,0,15321.0,2644.833333,3.0,6211.191654,441.1116012,124,15590.0,3967.25,3.0,7749.310609,15869.0,935.0,187.0,0.0,418.1447118,935.0,20,315.0797152,5,5,0.0,0.0,0.0,0.0,935.0,151.25,0.0,330.9806857,109548.2143
1,0.0,0.0,0.0,0.0,176.5,187.0,182.3333333,211,706,0,0,136,263690.0,98256.33333,3212.0,143799.1335,294769.0,353.0,176.5,0.0,203.804645,706.0,0.876713097,4,4,359.6715482,237,935,0,0,0,0,0,0,0,55320,0.0,4562496,0,0,4247119.0,570312.0,7.0,1488369.928,1.972604469,168,4247126.0,1140624.0,39.0,2075355.261,4562496.0,935.0,187.0,0.0,418.1447118,935.0,32,1.095891372,5,5,0.0,0.0,0.0,0.0,935.0,164.1,0.0,308.0683366,94906.1
0,6591542.0,608339.6363636365,9964.0,1984403.728714612,302.65,59.523809523809526,178.1219512195122,127,6053,0,0,544,10202845.0,6188867.473684211,0.0,4817182.108878182,117588482.0,1460.0,302.65,0.0,528.6200779786038,6053.0,0.1700701675497276,20,20,62.10112168078306,8192,1250,0,1,0,1,1,0,0,443,0.0,117598520,0,0,10192832.0,2939963.0000000005,0.0,4505326.623925928,0.3486438434769417,432,10202858.0,5879426.45,237.0,4856028.26991092,117588529.0,468.0,59.52380952380951,0.0,140.65262850285418,1250.0,20,0.178573675927214,21,21,10192832.0,10081526.636363637,9786574.0,118214.56253209476,1460.0,173.88095238095235,0.0,393.2820127841581,154670.74157955864
0,0.0,0.0,0.0,0.0,163.0,45.0,126.5,-1,163,0,0,8,0.0,0.0,0.0,0.0,0.0,163.0,163.0,163.0,0.0,163.0,34.14600833,1,1,7102.369733,-1,45,0,0,0,0,0,0,0,53,1.0,29286,0,0,29286.0,29286.0,29286.0,0.0,68.29201666,8,0.0,0.0,0.0,0.0,0.0,45.0,45.0,45.0,0.0,45.0,8,34.14600833,1,1,0.0,0.0,0.0,0.0,163.0,84.33333333,45.0,68.12733176,4641.333333
0,1792999.0,1088798.0,384597.0,995890.6048,489.2352941,72.83333333,275.0857143,68,8317,0,0,352,58300000.0,7495444.625,1.0,19800000.0,120000000.0,1460.0,489.2352941,0.0,607.2478416,8317.0,0.141675602,17,17,80.2383937,8192,1311,0,0,0,1,0,0,0,443,0.0,119992432,0,0,58200000.0,3529189.176,1.0,13900000.0,0.291685062,372,58200000.0,7058378.353,36.0,19200000.0,120000000.0,305.0,72.83333333,0.0,98.89760004,1311.0,20,0.150009461,18,18,58200000.0,58200000.0,58100000.0,86842.61222,1460.0,267.4444444,0.0,467.6925391,218736.3111
0,0.0,0.0,0.0,0.0,122.0,53.6666666667,92.7142857143,149,488,0,0,92,374.0,188.6666666667,28.0,174.3138931162,566.0,488.0,122.0,0.0,244.0,488.0,4597.7011494253,4,4,745977.011494253,8192,161,0,0,0,1,0,0,0,80,1.0,870,0,0,304.0,145.0,28.0,97.2316820795,8045.9770114943,72,362.0,258.0,154.0,147.0782104868,516.0,161.0,53.6666666667,0.0,92.9533933395,161.0,20,3448.275862069,3,3,0.0,0.0,0.0,0.0,488.0,81.125,0.0,173.7875858627,30202.125
0,5018954.0,5018954.0,5018954.0,0.0,2015.936275,47.73109244,1290.80805,352,411251,0,0,6536,930250.0,24002.1133,1.0,99574.07431,4872429.0,4344.0,2015.936275,0.0,869.105775,411251.0,4.004898069,204,204,8185.128219,65535,5680,0,0,0,1,0,0,0,443,1.0,50937626,0,0,45900000.0,158191.3851,0.0,2558914.656,6.341088609,3820,45900000.0,431674.7966,0.0,4224467.904,50900000.0,389.0,47.73109244,0.0,121.8970598,5680.0,32,2.33619054,119,119,45900000.0,45900000.0,45900000.0,0.0,4344.0,1286.824074,0.0,1177.574811,1386682.436
0,0.0,0.0,0.0,0.0,225.8571428571429,125.33333333333331,169.3125,62872,1581,0,0,148,1087182.0,500929.8333333334,223325.0,400066.5931823934,3005579.0,1173.0,225.8571428571429,0.0,430.0986044197418,1581.0,2.16813315063198,7,7,839.0675292945762,8192,1128,0,0,0,1,0,0,0,3389,0.0,3228584,0,0,937478.0,215238.93333333332,4.0,272116.34587130626,4.955732915730239,188,1224382.0,403573.0,4.0,378309.3632420052,3228584.0,661.0,125.33333333333331,0.0,213.48302040209197,1128.0,20,2.78759976509826,9,9,0.0,0.0,0.0,0.0,1173.0,159.35294117647058,0.0,310.3705328265859,96329.86764705884
1,0.0,0.0,0.0,0.0,0.0,0.0,0.0,-1,0,0,0,0,0.0,0.0,0.0,0.0,0.0,0.0,0.0,0.0,0.0,0.0,0.0,0,0,0.0,32738,0,0,0,0,0,0,0,0,80,0.0,16076,0,0,16076.0,16076.0,16076.0,0.0,124.409057,40,16076.0,16076.0,16076.0,0.0,16076.0,0.0,0.0,0.0,0.0,0.0,20,124.409057,2,2,0.0,0.0,0.0,0.0,0.0,0.0,0.0,0.0,0.0
1,0.0,0.0,0.0,0.0,0.0,0.0,0.0,-1,0,0,0,0,0.0,0.0,0.0,0.0,0.0,0.0,0.0,0.0,0.0,0.0,0.0,0,0,0.0,279,0,0,0,0,0,0,0,0,80,0.0,54153709,0,0,54153709.0,54153709.0,54153709.0,0.0,0.0369319117,40,54153709.0,54153709.0,54153709.0,0.0,54153709.0,0.0,0.0,0.0,0.0,0.0,20,0.0369319117,2,2,0.0,0.0,0.0,0.0,0.0,0.0,0.0,0.0,0.0
0,0.0,0.0,0.0,0.0,214.75,145.3333333333,185.0,31,859,0,0,92,44833.0,15031.0,0.0,25809.6164830088,45093.0,859.0,214.75,0.0,429.5,859.0,58.5763029566,4,4,18964.0780822118,8192,436,0,0,0,1,0,0,0,80,1.0,68287,0,0,23248.0,11381.1666666667,0.0,12372.329003331,102.5085301741,72,23237.0,22389.5,21542.0,1198.5459941112,44779.0,436.0,145.3333333333,0.0,251.7247173667,436.0,20,43.9322272175,3,3,0.0,0.0,0.0,0.0,859.0,161.875,0.0,320.3455444628,102621.267857143
0,0.0,0.0,0.0,0.0,43.0,67.5,57.4117647059,63325,301,0,0,152,1334801.0,286173.166666667,168.0,515416.953014709,1717039.0,197.0,43.0,0.0,74.6681547471,301.0,3.3910933418,7,7,472.8153002256,8192,675,0,1,0,1,1,0,0,3389,0.0,2064231,0,0,1118191.0,129014.4375,3.0,279366.626486407,8.2355124015,212,1118191.0,229359.0,3.0,354696.773718411,2064231.0,187.0,67.5,0.0,67.9660863143,675.0,20,4.8444190597,10,10,0.0,0.0,0.0,0.0,197.0,54.2222222222,0.0,68.8609473167,4741.8300653595
0,398860.0,398860.0,398860.0,0.0,642.3333333333334,39.55555555555556,280.6666666666667,946,3854,0,0,132,208427.0,46492.8,2.0,90944.5158967818,232464.0,1460.0,642.3333333333334,0.0,679.8804796923255,3854.0,1.0559303423871735,6,6,740.911123575,8192,356,0,1,0,1,1,0,0,443,0.0,5682193,0,0,5283319.0,405870.9285714286,2.0,1404674.1819702403,2.639825855967933,192,5283319.0,710274.1249999999,14.0,1848822.6125341372,5682193.0,199.0,39.55555555555555,0.0,72.76350581010908,356.0,20,1.5838955135807602,9,9,5283319.0,5283319.0,5283319.0,0.0,1460.0,263.125,0.0,499.02717026898114,249028.11666666667
0,0.0,0.0,0.0,0.0,48.0,48.0,60.0,-1,96,0,0,16,1.0,1.0,1.0,0.0,1.0,48.0,48.0,48.0,0.0,96.0,44.57420490761996,2,2,4279.123671131516,-1,96,0,0,0,0,0,0,0,53,1.0,44869,0,0,39407.0,14956.333333333332,1.0,21350.15750137065,89.14840981523992,16,39407.0,39407.0,39407.0,0.0,39407.0,48.0,48.0,48.0,0.0,96.0,8,44.57420490761996,2,2,0.0,0.0,0.0,0.0,48.0,48.0,48.0,0.0,0.0
0,0.0,0.0,0.0,0.0,136.5,187.0,172.5714286,32768,273,0,0,40,564.0,564.0,564.0,0.0,564.0,273.0,136.5,0.0,193.0401513,273.0,1808.318264,2,2,1092224.231,65535,935,0,1,0,1,1,0,0,62290,0.0,1106,0,0,564.0,184.3333333,5.0,222.6554887,6329.113924,124,880.0,276.5,5.0,411.2245939,1106.0,935.0,187.0,0.0,418.1447118,935.0,20,4520.79566,5,5,0.0,0.0,0.0,0.0,935.0,151.0,0.0,330.8745986,109478.0
0,0.0,0.0,0.0,0.0,225.8571428571429,95.33333333333331,143.42105263157896,62856,1581,0,0,152,951651.0,344358.3333333334,94123.0,344700.29761267494,2066150.0,1173.0,225.8571428571429,0.0,430.0986044197418,1581.0,3.15602058266452,7,7,1228.5937268229738,8192,1144,0,1,0,1,1,0,0,3389,0.0,2217983,0,0,951651.0,123221.27777777777,3.0,232149.20039233536,8.566341581517984,252,1109669.0,201634.8181818182,3.0,324827.0360612916,2217983.0,677.0,95.33333333333331,0.0,195.01111079457328,1144.0,20,5.410320998853464,12,12,0.0,0.0,0.0,0.0,1173.0,136.24999999999997,0.0,292.27706303941704,85425.88157894737
0,0.0,0.0,0.0,0.0,60.75,49.333333333333336,55.85714285714285,149,243,0,0,92,319.0,185.0,1.0,164.79077644091615,555.0,243.0,60.75,0.0,121.5,243.0,4907.9754601227,4,4,479754.6012269939,8192,148,0,1,0,1,1,0,0,80,1.0,815,0,0,260.0,135.83333333333334,1.0,109.23445732307488,8588.957055214723,72,279.0,198.0,117.0,114.5512985522207,396.0,148.0,49.333333333333336,0.0,85.44783984006462,148.0,20,3680.9815950920247,3,3,0.0,0.0,0.0,0.0,243.0,48.875,0.0,93.99306585366512,8834.69642857143
0,0.0,0.0,0.0,0.0,241.0,6.666666667,140.5714286,211,964,0,0,92,1193959.0,398108.6667,20.0,689226.6257,1194326.0,964.0,241.0,0.0,482.0,964.0,3.349152497,4,4,823.8915143,8192,20,0,1,0,1,1,0,0,80,1.0,1194332,0,0,1193959.0,199055.3333,6.0,487401.2778,5.86101687,72,299.0,173.5,48.0,177.4838021,347.0,20.0,6.666666667,0.0,11.54700538,20.0,20,2.511864373,3,3,0.0,0.0,0.0,0.0,964.0,123.0,0.0,339.8873763,115523.4286
0,0.0,0.0,0.0,0.0,58.0,42.0,71.0,-1,58,0,0,8,0.0,0.0,0.0,0.0,0.0,58.0,58.0,58.0,0.0,58.0,3246.753247,1,1,324675.3247,-1,42,0,0,0,0,0,0,0,53,1.0,308,0,0,308.0,308.0,308.0,0.0,6493.506494,8,0.0,0.0,0.0,0.0,0.0,42.0,42.0,42.0,0.0,42.0,8,3246.753247,1,1,0.0,0.0,0.0,0.0,58.0,47.33333333,42.0,9.237604307,85.33333333
0,152493.0,28867.090909090915,16438.0,41002.0881528113,69.35714285714286,28.5,47.56666666666667,119,971,0,0,424,10031053.0,8489510.692307692,4694.0,3762251.9189715674,110363639.0,971.0,69.35714285714283,0.0,259.5106658969641,971.0,0.1210435803404544,14,14,12.337799224702035,8192,456,0,0,0,1,0,0,0,80,0.0,115660822,0,0,10014537.0,3988304.206896552,35.0,4882711.322588787,0.2593791007295452,332,10031033.0,7710721.466666667,3542.0,4144631.0640743207,115660822.0,445.0,28.5,0.0,111.06754701531857,456.0,20,0.1383355203890907,16,16,10014537.0,10004188.0,9901317.0,34118.48044095753,971.0,46.032258064516135,0.0,189.3135818108794,35839.63225806453
1,93421.0,93421.0,93421.0,0.0,126.0,36.75,78.66666666666667,7601,252,0,0,40,60013451.0,60013451.0,60013451.0,0.0,60013451.0,126.0,126.0,126.0,0.0,252.0,0.0332735911549744,2,2,6.638081435417399,253,147,0,0,0,0,0,1,0,443,0.0,60107729,1,0,59921763.0,12021545.8,43857.0,26777035.54864496,0.0998207734649233,80,59921763.0,20035909.666666664,92545.0,34542162.241063856,60107729.0,74.0,36.75,0.0,42.43720851642656,147.0,20,0.0665471823099488,4,4,59921763.0,59921763.0,59921763.0,0.0,126.0,67.42857142857143,0.0,51.73605172043038,2676.619047619048
1,0.0,0.0,0.0,0.0,0.0,0.0,0.0,256,0,0,0,20,0.0,0.0,0.0,0.0,0.0,0.0,0.0,0.0,0.0,0.0,23809.5238095238,1,1,0.0,115,0,0,0,0,0,0,0,1,49849,1.0,42,0,0,42.0,42.0,42.0,0.0,47619.0476190476,20,0.0,0.0,0.0,0.0,0.0,0.0,0.0,0.0,0.0,0.0,20,23809.5238095238,1,1,0.0,0.0,0.0,0.0,0.0,0.0,0.0,0.0,0.0
0,0.0,0.0,0.0,0.0,233.75,108.6666667,180.1428571,219,935,0,0,92,982.0,415.0,24.0,502.665893,1245.0,935.0,233.75,0.0,467.5,935.0,3197.442046,4,4,1007993.605,65535,326,0,1,0,1,1,0,0,80,1.0,1251,0,0,632.0,208.5,6.0,250.3403683,5595.523581,72,632.0,490.0,348.0,200.8183259,980.0,326.0,108.6666667,0.0,188.2161878,326.0,20,2398.081535,3,3,0.0,0.0,0.0,0.0,935.0,157.625,0.0,334.1804207,111676.5536
0,0.0,0.0,0.0,0.0,275.4,199.4,237.4,62872,2754,0,0,236,534404.0,255425.8889,64616.0,160846.0188,2298833.0,1173.0,275.4,0.0,481.2560418,2754.0,4.046395976,10,10,1921.22881,8192,1994,0,1,0,1,1,0,0,3389,1.0,2471335,0,0,534404.0,130070.2632,13.0,163749.5811,8.092791953,212,706877.0,274592.7778,169.0,238421.4322,2471335.0,661.0,199.4,0.0,255.4556713,1994.0,20,4.046395976,10,10,0.0,0.0,0.0,0.0,1173.0,226.0952381,0.0,371.1023989,137716.9905
0,0.0,0.0,0.0,0.0,1933.5,8.666666667,1291.888889,229,11601,0,0,132,601813.0,121692.2,63.0,268409.0193,608461.0,4380.0,1933.5,0.0,1998.0254,11601.0,9.85904847,6,6,19105.19276,8192,26,0,0,0,1,0,0,0,80,2.0,608578,0,0,601813.0,76072.25,7.0,212441.1116,14.78857271,72,6068.0,3037.5,7.0,4285.774201,6075.0,20.0,8.666666667,0.0,10.26320288,26.0,20,4.929524235,3,3,0.0,0.0,0.0,0.0,4380.0,1162.7,0.0,1791.113375,3208087.122
1,0.0,0.0,0.0,0.0,0.0,0.0,0.0,-1,0,0,0,0,0.0,0.0,0.0,0.0,0.0,0.0,0.0,0.0,0.0,0.0,0.0,0,0,0.0,226,0,0,0,0,0,0,0,0,80,0.0,9016950,0,0,9016950.0,9016950.0,9016950.0,0.0,0.2218044904,64,9016950.0,9016950.0,9016950.0,0.0,9016950.0,0.0,0.0,0.0,0.0,0.0,32,0.2218044904,2,2,9016950.0,9016950.0,9016950.0,0.0,0.0,0.0,0.0,0.0,0.0
0,0.0,0.0,0.0,0.0,88.0,39.0,83.0,-1,88,0,0,8,0.0,0.0,0.0,0.0,0.0,88.0,88.0,88.0,0.0,88.0,34.60087886232311,1,1,4394.311615515034,-1,39,0,0,0,0,0,0,0,53,1.0,28901,0,0,28901.0,28901.0,28901.0,0.0,69.20175772464621,8,0.0,0.0,0.0,0.0,0.0,39.0,39.0,39.0,0.0,39.0,8,34.60087886232311,1,1,0.0,0.0,0.0,0.0,88.0,55.33333333333333,39.0,28.29016319029166,800.3333333333333
0,0.0,0.0,0.0,0.0,60.75,49.3333333333,55.8571428571,149,243,0,0,92,426.0,262.0,31.0,205.8470305834,786.0,243.0,60.75,0.0,121.5,243.0,3568.2426404996,4,4,348795.718108831,8192,148,0,0,0,1,0,0,0,80,1.0,1121,0,0,335.0,186.8333333333,31.0,125.6286856839,6244.4246208742,72,414.0,286.0,158.0,181.0193359838,572.0,148.0,49.3333333333,0.0,85.4478398401,148.0,20,2676.1819803747,3,3,0.0,0.0,0.0,0.0,243.0,48.875,0.0,93.9930658537,8834.6964285714
0,0.0,0.0,0.0,0.0,212.0,31.0,129.25,-1,424,0,0,16,37.0,37.0,37.0,0.0,37.0,212.0,212.0,212.0,0.0,424.0,69.273665616,2,2,16833.5007446919,-1,62,0,0,0,0,0,0,0,53,1.0,28871,0,0,18254.0,9623.6666666667,37.0,9146.0757887377,138.547331232,16,18254.0,18254.0,18254.0,0.0,18254.0,31.0,31.0,31.0,0.0,62.0,8,69.273665616,2,2,0.0,0.0,0.0,0.0,212.0,103.4,31.0,99.1377829084,9828.3
0,666166.0,387633.5,109101.0,393904.4391,281.4,65.25,169.8387097,180,4221,0,0,312,58100000.0,8343620.286,15.0,21100000.0,117000000.0,1430.0,281.4,0.0,483.4763696,4221.0,0.128293424,15,15,45.03099171,8192,1044,0,1,0,1,1,0,0,443,0.0,116919477,0,0,58100000.0,3897315.9,7.0,14700000.0,0.265139742,332,58100000.0,7794631.8,31.0,20400000.0,117000000.0,407.0,65.25,0.0,110.084513,1044.0,20,0.136846319,16,16,58100000.0,58000000.0,58000000.0,47561.41632,1430.0,164.53125,0.0,352.1328547,123997.5474
1,0.0,0.0,0.0,0.0,6.0,6.0,9.0,16226,6,0,0,20,0.0,0.0,0.0,0.0,0.0,6.0,6.0,6.0,0.0,6.0,11235.9550561798,1,1,134831.460674157,288,6,0,0,0,0,0,0,1,50415,1.0,89,0,0,89.0,89.0,89.0,0.0,22471.9101123596,20,0.0,0.0,0.0,0.0,0.0,6.0,6.0,6.0,0.0,6.0,20,11235.9550561798,1,1,0.0,0.0,0.0,0.0,6.0,6.0,6.0,0.0,0.0
1,0.0,0.0,0.0,0.0,0.0,0.0,0.0,-1,0,0,0,0,0.0,0.0,0.0,0.0,0.0,0.0,0.0,0.0,0.0,0.0,0.0,0,0,0.0,127,0,0,0,0,0,0,0,0,49621,0.0,73,0,0,73.0,73.0,73.0,0.0,27397.260273972603,40,73.0,73.0,73.0,0.0,73.0,0.0,0.0,0.0,0.0,0.0,20,27397.260273972603,2,2,0.0,0.0,0.0,0.0,0.0,0.0,0.0,0.0,0.0
0,0.0,0.0,0.0,0.0,52.0,36.0,62.0,-1,52,0,0,8,0.0,0.0,0.0,0.0,0.0,52.0,52.0,52.0,0.0,52.0,1203.3694344163655,1,1,105896.51022864018,-1,36,0,0,0,0,0,0,0,53,1.0,831,0,0,831.0,831.0,831.0,0.0,2406.7388688327314,8,0.0,0.0,0.0,0.0,0.0,36.0,36.0,36.0,0.0,36.0,8,1203.3694344163655,1,1,0.0,0.0,0.0,0.0,52.0,41.333333333333336,36.0,9.237604307034012,85.33333333333333
1,4124906.0,2000402.9,63430.0,1391097.473569655,143.3793103448276,287.6774193548387,217.95,65535,4158,0,0,580,10016000.0,4272131.928571429,785.0,4266980.700896908,119619694.0,378.0,143.3793103448276,0.0,186.65790209308872,4158.0,0.2423087748237506,29,29,109.25619102052976,63862,8918,0,0,0,0,0,0,0,443,0.0,119682005,0,0,9953765.0,2028508.5593220347,785.0,3589379.5991462814,0.5013284996353462,620,9953765.0,3989400.1666666665,62891.0,4206454.172489306,119682005.0,811.0,287.6774193548387,0.0,393.7001724745006,8918.0,20,0.2590197248115955,31,31,9953765.0,9554007.8,7971368.0,833008.2416518792,811.0,214.377049180328,0.0,315.8010536152165,99730.30546448089
0,0.0,0.0,0.0,0.0,57.75,24.25,41.0,141,231,0,0,92,6022576.0,2007698.33333333,214.0,3476986.05271783,6023095.0,231.0,57.75,0.0,115.5,231.0,0.6640919821,4,4,54.4555425283,8192,97,0,0,0,1,0,0,0,80,1.0,6023262,0,0,5961140.0,860466.0,38.0,2249301.83368966,1.3281839641,92,61814.0,20707.3333333333,103.0,35599.4541297101,62122.0,97.0,24.25,0.0,48.5,97.0,20,0.6640919821,4,4,0.0,0.0,0.0,0.0,231.0,36.4444444444,0.0,79.6996096463,6352.0277777778
0,0.0,0.0,0.0,0.0,105.0,41.0,83.25,-1,210,0,0,16,113048.0,113048.0,113048.0,0.0,113048.0,105.0,105.0,105.0,0.0,210.0,17.6152477585,2,2,2571.8261727351,-1,82,0,0,0,0,0,0,0,53,1.0,113538,0,0,112662.0,37846.0,386.0,64792.5774761276,35.2304955169,16,113152.0,113152.0,113152.0,0.0,113152.0,41.0,41.0,41.0,0.0,82.0,8,17.6152477585,2,2,0.0,0.0,0.0,0.0,105.0,66.6,41.0,35.0542436803,1228.8
1,0.0,0.0,0.0,0.0,0.0,25.666666666666668,41.0,-1,0,0,0,0,0.0,0.0,0.0,0.0,0.0,0.0,0.0,0.0,0.0,0.0,0.0,0,0,155555.55555555556,256,77,0,0,0,0,0,1,0,443,0.0,495,1,0,465.0,247.5,30.0,307.59144981614816,6060.606060606061,60,465.0,247.5,30.0,307.59144981614816,495.0,46.0,25.666666666666664,0.0,23.45918441321721,77.0,20,6060.606060606061,3,3,0.0,0.0,0.0,0.0,46.0,30.75,0.0,21.68524844220144,470.25
1,0.0,0.0,0.0,0.0,0.0,0.0,0.0,-1,0,0,0,0,0.0,0.0,0.0,0.0,0.0,0.0,0.0,0.0,0.0,0.0,0.0,0,0,0.0,279,0,0,0,0,0,0,0,0,80,0.0,53895888,0,0,53895888.0,53895888.0,53895888.0,0.0,0.0371085824,40,53895888.0,53895888.0,53895888.0,0.0,53895888.0,0.0,0.0,0.0,0.0,0.0,20,0.0371085824,2,2,0.0,0.0,0.0,0.0,0.0,0.0,0.0,0.0,0.0
0,0.0,0.0,0.0,0.0,65.0,49.0,81.5,-1,65,0,0,32,0.0,0.0,0.0,0.0,0.0,65.0,65.0,65.0,0.0,65.0,16.7728950017,1,1,1912.1100301912,-1,49,0,0,0,0,0,0,0,53,1.0,59620,0,0,59620.0,59620.0,59620.0,0.0,33.5457900034,20,0.0,0.0,0.0,0.0,0.0,49.0,49.0,49.0,0.0,49.0,20,16.7728950017,1,1,0.0,0.0,0.0,0.0,65.0,54.3333333333,49.0,9.237604307,85.3333333333
0,0.0,0.0,0.0,0.0,225.8571428571,141.0,180.6,62872,1581,0,0,152,953152.0,423182.166666667,289499.0,261176.615177099,2539093.0,1173.0,225.8571428571,0.0,430.0986044197,1581.0,2.4651767373,7,7,954.0233973446,64240,1128,0,0,0,1,0,0,0,3389,0.0,2839553,0,0,953152.0,202825.214285714,3.0,261951.88706918,5.28252158,172,1307909.0,405650.428571429,3.0,414035.610886253,2839553.0,661.0,141.0,0.0,222.62332056,1128.0,20,2.8173448427,8,8,0.0,0.0,0.0,0.0,1173.0,169.3125,0.0,317.7312740352,100953.1625
1,0.0,0.0,0.0,0.0,0.0,0.0,0.0,-1,0,0,0,0,0.0,0.0,0.0,0.0,0.0,0.0,0.0,0.0,0.0,0.0,0.0,0,0,0.0,64203,0,0,0,0,0,0,0,0,443,0.0,389,0,0,389.0,389.0,389.0,0.0,5141.388175,40,389.0,389.0,389.0,0.0,389.0,0.0,0.0,0.0,0.0,0.0,20,5141.388175,2,2,0.0,0.0,0.0,0.0,0.0,0.0,0.0,0.0,0.0
0,0.0,0.0,0.0,0.0,122.0,53.6666666667,92.7142857143,149,488,0,0,92,329.0,167.6666666667,27.0,152.0570068538,503.0,488.0,122.0,0.0,244.0,488.0,5277.0448548813,4,4,856200.527704485,8192,161,0,0,0,1,0,0,0,80,1.0,758,0,0,255.0,126.3333333333,27.0,80.9090023833,9234.8284960422,72,307.0,220.0,133.0,123.0365799265,440.0,161.0,53.6666666667,0.0,92.9533933395,161.0,20,3957.783641161,3,3,0.0,0.0,0.0,0.0,488.0,81.125,0.0,173.7875858627,30202.125
0,0.0,0.0,0.0,0.0,138.0,33.0,93.75,-1,276,0,0,40,3.0,3.0,3.0,0.0,3.0,138.0,138.0,138.0,0.0,276.0,80.0704620066,2,2,13692.0490031227,-1,66,0,0,0,0,0,0,0,53,1.0,24978,0,0,24927.0,8326.0,3.0,14376.9053345983,160.1409240131,40,48.0,48.0,48.0,0.0,48.0,33.0,33.0,33.0,0.0,66.0,20,80.0704620066,2,2,0.0,0.0,0.0,0.0,138.0,75.0,33.0,57.510868538,3307.5
0,0.0,0.0,0.0,0.0,32.25,108.6666667,65.0,219,129,0,0,92,9427.0,3278.666667,45.0,5327.001251,9836.0,112.0,32.25,0.0,53.7672453,129.0,387.1467286,4,4,44037.94038,8192,326,0,1,0,1,1,0,0,8080,1.0,10332,0,0,9427.0,1722.0,23.0,3779.153768,677.5067751,72,519.0,287.0,55.0,328.0975465,574.0,326.0,108.6666667,0.0,188.2161878,326.0,20,290.3600465,3,3,0.0,0.0,0.0,0.0,326.0,56.875,0.0,115.4066568,13318.69643
0,0.0,0.0,0.0,0.0,102.0,33.0,84.0,-1,102,0,0,8,0.0,0.0,0.0,0.0,0.0,102.0,102.0,102.0,0.0,102.0,484.73097430925833,1,1,65438.68153174988,-1,33,0,0,0,0,0,0,0,53,1.0,2063,0,0,2063.0,2063.0,2063.0,0.0,969.4619486185168,8,0.0,0.0,0.0,0.0,0.0,33.0,33.0,33.0,0.0,33.0,8,484.73097430925833,1,1,0.0,0.0,0.0,0.0,102.0,56.0,33.0,39.83716857408418,1587.0
0,0.0,0.0,0.0,0.0,225.8571428571,143.5,181.9333333333,62852,1581,0,0,152,953132.0,248597.666666667,93921.0,345923.831042423,1491586.0,1173.0,225.8571428571,0.0,430.0986044197,1581.0,4.3960488313,7,7,1713.8310372352,8192,1148,0,0,0,1,0,0,0,3389,0.0,1592339,0,0,953132.0,113738.5,3.0,245890.90602002,9.4201046385,172,1110414.0,227477.0,3.0,390998.905347146,1592339.0,677.0,143.5,0.0,228.129662379,1148.0,20,5.0240558072,8,8,0.0,0.0,0.0,0.0,1173.0,170.5625,0.0,319.433241591,102037.595833333
0,0.0,0.0,0.0,0.0,101.0,50.0,100.5,-1,101,0,0,32,0.0,0.0,0.0,0.0,0.0,101.0,101.0,101.0,0.0,101.0,4.270000683,1,1,644.7701032,-1,50,0,0,0,0,0,0,0,53,1.0,234192,0,0,234192.0,234192.0,234192.0,0.0,8.540001366,32,0.0,0.0,0.0,0.0,0.0,50.0,50.0,50.0,0.0,50.0,32,4.270000683,1,1,0.0,0.0,0.0,0.0,101.0,67.0,50.0,29.44486373,867.0
0,261094.0,100176.5,67950.0,78833.16635465052,243.2142857142857,50.0,146.60714285714286,114,3405,0,0,364,10077937.0,4683421.384615385,0.0,5197321.293075911,60884478.0,1460.0,243.2142857142857,0.0,523.9041572025038,3405.0,0.2296868252949507,14,14,67.34745841684091,8192,700,0,1,0,1,1,0,0,443,1.0,60952560,0,0,10009889.0,2257502.222222222,0.0,4222319.11007687,0.4593736505899014,292,10077842.0,4688658.461538462,189.0,5181557.768937503,60952560.0,364.0,49.99999999999999,0.0,109.19072938952,700.0,20,0.2296868252949507,14,14,10009889.0,10008602.333333334,10002441.0,3018.817428508424,1460.0,141.55172413793107,0.0,378.2124862151752,143044.68472906406
0,0.0,0.0,0.0,0.0,120.0,29.0,81.75,-1,240,0,0,64,4.0,4.0,4.0,0.0,4.0,120.0,120.0,120.0,0.0,240.0,11.67883212,2,2,1740.145985,-1,58,0,0,0,0,0,0,0,53,1.0,171250,0,0,171243.0,57083.33333,3.0,98865.17142,23.35766423,40,3.0,3.0,3.0,0.0,3.0,29.0,29.0,29.0,0.0,58.0,20,11.67883212,2,2,0.0,0.0,0.0,0.0,120.0,65.4,29.0,49.84275273,2484.3
0,0.0,0.0,0.0,0.0,233.75,107.6666667,179.7142857,219,935,0,0,92,11473.0,4208.0,24.0,6315.799316,12624.0,935.0,233.75,0.0,467.5,935.0,316.7815,4,4,99627.78174,65535,323,0,1,0,1,1,0,0,80,1.0,12627,0,0,11155.0,2104.5,3.0,4454.839784,554.3676249,72,11155.0,5734.5,314.0,7665.744615,11469.0,323.0,107.6666667,0.0,186.4841369,323.0,20,237.586125,3,3,0.0,0.0,0.0,0.0,935.0,157.25,0.0,333.9661018,111533.3571
0,0.0,0.0,0.0,0.0,55.0,39.0,56.75,-1,110,0,0,64,48.0,48.0,48.0,0.0,48.0,55.0,55.0,55.0,0.0,110.0,8264.46281,2,2,776859.5041,-1,78,0,0,0,0,0,0,0,53,1.0,242,0,0,190.0,80.66666667,4.0,97.20768145,16528.92562,64,4.0,4.0,4.0,0.0,4.0,39.0,39.0,39.0,0.0,78.0,32,8264.46281,2,2,0.0,0.0,0.0,0.0,55.0,45.4,39.0,8.76356092,76.8
1,0.0,0.0,0.0,0.0,0.0,0.0,0.0,-1,0,0,0,0,0.0,0.0,0.0,0.0,0.0,0.0,0.0,0.0,0.0,0.0,0.0,0,0,0.0,237,0,0,0,0,0,0,0,0,51470,0.0,41,0,0,41.0,41.0,41.0,0.0,48780.487804878045,40,41.0,41.0,41.0,0.0,41.0,0.0,0.0,0.0,0.0,0.0,20,48780.487804878045,2,2,0.0,0.0,0.0,0.0,0.0,0.0,0.0,0.0,0.0
0,0.0,0.0,0.0,0.0,0.0,0.0,0.0,-1,0,0,0,0,0.0,0.0,0.0,0.0,0.0,0.0,0.0,0.0,0.0,0.0,0.0,0,0,0.0,14600,0,0,0,0,1,0,0,0,3128,0.0,1001668,0,0,1001668.0,1001668.0,1001668.0,0.0,1.9966695552,80,1001668.0,1001668.0,1001668.0,0.0,1001668.0,0.0,0.0,0.0,0.0,0.0,40,1.9966695552,2,2,0.0,0.0,0.0,0.0,0.0,0.0,0.0,0.0,0.0
0,0.0,0.0,0.0,0.0,225.8571428571429,104.36363636363636,151.61111111111111,62852,1581,0,0,152,1069927.0,466570.1666666666,110770.0,426739.8222422729,2799421.0,1173.0,225.8571428571429,0.0,430.0986044197418,1581.0,2.40638723927224,7,7,938.1472537105632,8192,1148,0,1,0,1,1,0,0,3389,0.0,2908925,0,0,951597.0,171113.23529411765,44.0,292632.5654988541,6.187852900985759,232,1112191.0,290892.5,64.0,385892.0837891944,2908925.0,677.0,104.36363636363636,0.0,202.2944748268092,1148.0,20,3.78146566171352,11,11,0.0,0.0,0.0,0.0,1173.0,143.6315789473684,0.0,298.52027858278944,89114.35672514622
1,140308.0,140308.0,140308.0,0.0,46.0,24.6,35.833333333333336,184,46,0,0,20,0.0,0.0,0.0,0.0,0.0,46.0,46.0,46.0,0.0,46.0,0.0188405172633869,1,1,3.1840474175124003,254,123,0,0,0,0,0,1,0,443,0.0,53077099,1,0,52936490.0,10615419.8,33.0,23658229.45204402,0.1130431035803219,100,52936490.0,13269274.750000002,33.0,26444892.703909934,53077099.0,46.0,24.6,0.0,23.276597689524987,123.0,20,0.0942025863169349,5,5,52936490.0,52936490.0,52936490.0,0.0,46.0,30.714285714285708,0.0,21.68497395059757,470.2380952380952
1,0.0,0.0,0.0,0.0,0.0,0.0,0.0,-1,0,0,0,0,0.0,0.0,0.0,0.0,0.0,0.0,0.0,0.0,0.0,0.0,0.0,0,0,0.0,32738,0,0,0,0,0,0,0,0,80,0.0,9544,0,0,9544.0,9544.0,9544.0,0.0,209.5557418,40,9544.0,9544.0,9544.0,0.0,9544.0,0.0,0.0,0.0,0.0,0.0,20,209.5557418,2,2,0.0,0.0,0.0,0.0,0.0,0.0,0.0,0.0,0.0
1,0.0,0.0,0.0,0.0,0.0,6.0,7.2,-1,0,0,0,0,0.0,0.0,0.0,0.0,0.0,0.0,0.0,0.0,0.0,0.0,0.0,0,0,29.90988153,256,30,0,0,0,0,0,0,0,80,0.0,1003013,0,0,1001690.0,250753.25,4.0,500624.6748,4.984980254,100,1001690.0,250753.25,4.0,500624.6748,1003013.0,6.0,6.0,6.0,0.0,30.0,20,4.984980254,5,5,0.0,0.0,0.0,0.0,6.0,6.0,6.0,0.0,0.0
0,0.0,0.0,0.0,0.0,95.0,31.0,70.75,-1,190,0,0,40,48.0,48.0,48.0,0.0,48.0,95.0,95.0,95.0,0.0,190.0,10256.41026,2,2,1292307.692,-1,62,0,0,0,0,0,0,0,53,1.0,195,0,0,144.0,65.0,3.0,72.02083032,20512.82051,40,3.0,3.0,3.0,0.0,3.0,31.0,31.0,31.0,0.0,62.0,20,10256.41026,2,2,0.0,0.0,0.0,0.0,95.0,56.6,31.0,35.05424368,1228.8
1,0.0,0.0,0.0,0.0,0.0,0.0,0.0,-1,0,0,0,0,0.0,0.0,0.0,0.0,0.0,0.0,0.0,0.0,0.0,0.0,0.0,0,0,0.0,127,0,0,0,0,0,0,0,0,52459,0.0,20,0,0,20.0,20.0,20.0,0.0,100000.0,40,20.0,20.0,20.0,0.0,20.0,0.0,0.0,0.0,0.0,0.0,20,100000.0,2,2,0.0,0.0,0.0,0.0,0.0,0.0,0.0,0.0,0.0
0,0.0,0.0,0.0,0.0,157.0,37.0,115.5,-1,157,0,0,8,0.0,0.0,0.0,0.0,0.0,157.0,157.0,157.0,0.0,157.0,584.4535359438925,1,1,113383.98597311514,-1,37,0,0,0,0,0,0,0,53,1.0,1711,0,0,1711.0,1711.0,1711.0,0.0,1168.907071887785,8,0.0,0.0,0.0,0.0,0.0,37.0,37.0,37.0,0.0,37.0,8,584.4535359438925,1,1,0.0,0.0,0.0,0.0,157.0,77.0,37.0,69.2820323027551,4800.0
0,0.0,0.0,0.0,0.0,233.75,94.66666667,174.1428571,219,935,0,0,92,4503.0,1641.666667,23.0,2485.108717,4925.0,935.0,233.75,0.0,467.5,935.0,811.6883117,4,4,247362.013,65535,284,0,1,0,1,1,0,0,80,1.0,4928,0,0,4198.0,821.3333333,3.0,1662.890816,1420.454545,72,4198.0,2251.0,304.0,2753.473806,4502.0,284.0,94.66666667,0.0,163.9674764,284.0,20,608.7662338,3,3,0.0,0.0,0.0,0.0,935.0,152.375,0.0,331.4763243,109876.5536
1,0.0,0.0,0.0,0.0,133.0,187.0,166.75,211,399,0,0,104,18183.0,13064.0,7945.0,7239.359226,26128.0,399.0,133.0,0.0,230.3627574,399.0,0.709176603,3,3,315.3471963,219,935,0,0,0,0,0,0,0,41656,0.0,4230258,0,0,4161852.0,604322.5714,8.0,1568797.292,1.891137609,168,4161861.0,1057564.5,26.0,2069604.107,4230258.0,935.0,187.0,0.0,418.1447118,935.0,32,1.181961006,5,5,0.0,0.0,0.0,0.0,935.0,148.2222222,0.0,323.2061176,104462.1944
1,0.0,0.0,0.0,0.0,0.0,0.0,0.0,256,0,0,0,20,0.0,0.0,0.0,0.0,0.0,0.0,0.0,0.0,0.0,0.0,32258.064516129,1,1,0.0,1047,0,0,0,0,0,0,0,1,49454,1.0,31,0,0,31.0,31.0,31.0,0.0,64516.1290322581,20,0.0,0.0,0.0,0.0,0.0,0.0,0.0,0.0,0.0,0.0,20,32258.064516129,1,1,0.0,0.0,0.0,0.0,0.0,0.0,0.0,0.0,0.0
0,0.0,0.0,0.0,0.0,828.5555556,85.5,478.8823529,980,7457,0,0,204,219007.0,31259.375,48.0,76272.67212,250075.0,1617.0,828.5555556,0.0,787.6031855,7457.0,32.91867989,9,9,29776.77477,8192,684,0,0,0,1,0,0,0,80,1.0,273401,0,0,189295.0,17087.5625,17.0,47013.40765,62.17972868,184,189416.0,34812.71429,49.0,68945.83947,243689.0,369.0,85.5,0.0,158.9716956,684.0,20,29.26104879,8,8,0.0,0.0,0.0,0.0,1617.0,452.2777778,0.0,672.7678391,452616.5654
0,373576.0,373576.0,373576.0,0.0,225.8571428571429,95.66666666666669,143.6315789473684,62852,1581,0,0,152,10160226.0,2279309.333333333,105595.0,3918966.752042261,13675856.0,1173.0,225.8571428571429,0.0,430.0986044197418,1581.0,0.5043528169870064,7,7,196.62554822250576,8192,1148,0,1,0,1,1,0,0,3389,0.0,13879173,0,0,9997160.0,771065.1666666665,98.0,2343755.147760113,1.3689576461075887,252,9997160.0,1261743.0,139.0,2949394.5208512205,13879173.0,677.0,95.66666666666666,0.0,195.21891363908424,1148.0,20,0.8646048291205823,12,12,9997160.0,9997160.0,9997160.0,0.0,1173.0,136.45,0.0,292.3279475988713,85455.62894736842
0,0.0,0.0,0.0,0.0,122.0,53.66666666666666,92.71428571428572,149,488,0,0,92,279.0,156.66666666666669,26.0,126.70569574148328,470.0,488.0,122.0,0.0,244.0,488.0,6441.2238325281805,4,4,1045088.5668276972,8192,161,0,0,0,1,0,0,0,80,1.0,621,0,0,165.0,103.5,26.0,62.72399859702824,11272.141706924314,72,180.0,140.5,101.0,55.86143571373726,281.0,161.0,53.66666666666666,0.0,92.95339333952974,161.0,20,4830.917874396135,3,3,0.0,0.0,0.0,0.0,488.0,81.125,0.0,173.78758586274222,30202.125
0,0.0,0.0,0.0,0.0,225.8571428571429,143.5,181.9333333333333,62852,1581,0,0,148,953178.0,411339.1666666667,289648.0,266165.5487845237,2468035.0,1173.0,225.8571428571429,0.0,430.0986044197418,1581.0,2.5400686761996654,7,7,990.2639167641266,8192,1148,0,0,0,1,0,0,0,3389,0.0,2755831,0,0,953178.0,196845.07142857145,89.0,259565.1441194748,5.443004306142139,168,1292373.0,393690.1428571429,1765.0,410836.1655422709,2755831.0,677.0,143.5,0.0,228.12966237897004,1148.0,20,2.9029356299424744,8,8,0.0,0.0,0.0,0.0,1173.0,170.56250000000003,0.0,319.4332415909987,102037.59583333335
0,0.0,0.0,0.0,0.0,133.25,81.6666666667,105.1136363636,230,2665,0,0,648,126807.0,19760.3684210526,8.0,33797.0214815358,375447.0,976.0,133.25,0.0,268.7712537496,2665.0,53.2691262798,20,20,12318.4854522016,26883,1960,0,0,0,1,0,0,0,22,0.0,375452,0,0,86894.0,8731.4418604651,5.0,17607.060905463,117.1920778155,776,86894.0,16321.9130434783,300.0,22054.9276743173,375404.0,640.0,81.6666666667,0.0,134.1973454888,1960.0,32,63.9229515357,24,24,0.0,0.0,0.0,0.0,976.0,102.7777777778,0.0,203.7465994015,41512.6767676768
1,0.0,0.0,0.0,0.0,0.0,0.0,0.0,-1,0,0,0,0,0.0,0.0,0.0,0.0,0.0,0.0,0.0,0.0,0.0,0.0,0.0,0,0,0.0,62,0,0,0,0,0,0,0,0,51062,0.0,121,0,0,121.0,121.0,121.0,0.0,16528.92561983471,40,121.0,121.0,121.0,0.0,121.0,0.0,0.0,0.0,0.0,0.0,20,16528.92561983471,2,2,0.0,0.0,0.0,0.0,0.0,0.0,0.0,0.0,0.0
0,0.0,0.0,0.0,0.0,241.0,6.666666667,140.5714286,211,964,0,0,92,1057930.0,352759.6667,22.0,610695.4417,1058279.0,964.0,241.0,0.0,482.0,964.0,3.779671603,4,4,929.7992144,8192,20,0,1,0,1,1,0,0,80,1.0,1058293,0,0,1057930.0,176382.1667,3.0,431868.492,6.614425306,72,328.0,165.5,3.0,229.8097039,331.0,20.0,6.666666667,0.0,11.54700538,20.0,20,2.834753702,3,3,0.0,0.0,0.0,0.0,964.0,123.0,0.0,339.8873763,115523.4286
0,660365.0,384769.5,109174.0,389750.8938289943,58.7,101.78947368421052,79.6923076923077,190,1174,0,0,412,59060134.0,6236753.263157895,2.0,18576235.47152425,118498312.0,325.0,58.7,0.0,77.24744928509052,1174.0,0.1686238428599804,20,20,26.20414518044096,8192,1934,0,1,0,1,1,0,0,443,1.0,118607189,0,0,58950756.0,3121241.8157894737,2.0,13315194.128055202,0.3288164935769618,392,58950756.0,6589288.277777778,26.0,19033050.762912583,118607189.0,590.0,101.7894736842105,0.0,172.34190144637503,1934.0,20,0.1601926507169814,19,19,58950756.0,58864250.5,58777745.0,122337.25131986575,590.0,77.7,0.0,131.294384436713,17238.215384615385
0,0.0,0.0,0.0,0.0,145.5,187.0,175.1428571,32768,291,0,0,40,750.0,750.0,750.0,0.0,750.0,291.0,145.5,0.0,205.7680733,291.0,1499.250375,2,2,919040.4798,65535,935,0,1,0,1,1,0,0,50570,0.0,1334,0,0,750.0,222.3333333,10.0,287.8809939,5247.376312,124,1078.0,333.5,11.0,504.7907157,1334.0,935.0,187.0,0.0,418.1447118,935.0,20,3748.125937,5,5,0.0,0.0,0.0,0.0,935.0,153.25,0.0,331.8824017,110145.9286
0,0.0,0.0,0.0,0.0,84.0,36.0,78.0,-1,84,0,0,8,0.0,0.0,0.0,0.0,0.0,84.0,84.0,84.0,0.0,84.0,78.7215618358,1,1,9446.5874202944,-1,36,0,0,0,0,0,0,0,53,1.0,12703,0,0,12703.0,12703.0,12703.0,0.0,157.4431236716,8,0.0,0.0,0.0,0.0,0.0,36.0,36.0,36.0,0.0,36.0,8,78.7215618358,1,1,0.0,0.0,0.0,0.0,84.0,52.0,36.0,27.7128129211,768.0
1,0.0,0.0,0.0,0.0,0.0,0.0,0.0,-1,0,0,0,0,0.0,0.0,0.0,0.0,0.0,0.0,0.0,0.0,0.0,0.0,0.0,0,0,0.0,256,0,0,0,0,0,0,0,0,60319,0.0,30,0,0,30.0,30.0,30.0,0.0,66666.6666666667,40,30.0,30.0,30.0,0.0,30.0,0.0,0.0,0.0,0.0,0.0,20,66666.6666666667,2,2,0.0,0.0,0.0,0.0,0.0,0.0,0.0,0.0,0.0
0,2917363.0,352026.2727272728,95453.0,850825.9394681255,88.25,48.61111111111112,67.26470588235294,176,1412,0,0,464,10109376.0,7597543.800000001,95199.0,4346310.613542993,113963157.0,706.0,88.24999999999999,0.0,241.14490802558257,1412.0,0.1352589004562206,16,16,19.33356908396104,8192,875,0,1,0,1,1,0,0,80,0.0,118291661,0,0,10013869.0,3584595.787878788,20.0,4681345.440908547,0.2874251634694689,372,10109340.0,6958333.000000001,173.0,4487535.962325511,118291661.0,432.0,48.61111111111111,0.0,139.4789205616596,875.0,20,0.1521662630132482,18,18,10013869.0,10008263.0,9953065.0,18307.198349283244,706.0,65.34285714285713,0.0,189.48008476092784,35902.7025210084
1,0.0,0.0,0.0,0.0,0.0,0.0,0.0,-1,0,0,0,0,0.0,0.0,0.0,0.0,0.0,0.0,0.0,0.0,0.0,0.0,0.0,0,0,0.0,512,0,0,0,0,0,0,0,0,49989,0.0,1,0,0,1.0,1.0,1.0,0.0,2000000.0,40,1.0,1.0,1.0,0.0,1.0,0.0,0.0,0.0,0.0,0.0,20,2000000.0,2,2,0.0,0.0,0.0,0.0,0.0,0.0,0.0,0.0,0.0
0,30328.0,30328.0,30328.0,0.0,138.5,48.5,104.5,-1,277,0,0,72,82259572.0,82259572.0,82259572.0,0.0,82259572.0,205.0,138.5,72.0,94.0452018978,277.0,0.0243043192,2,2,4.5449076983,-1,97,0,0,0,0,0,0,0,53,1.0,82289900,0,0,82137493.0,27429966.6666667,30328.0,47378129.7931416,0.0486086385,52,82167821.0,82167821.0,82167821.0,0.0,82167821.0,53.0,48.5,44.0,6.3639610307,97.0,20,0.0243043192,2,2,82137493.0,82137493.0,82137493.0,0.0,205.0,83.6,44.0,68.8207817451,4736.3
0,0.0,0.0,0.0,0.0,57.75,24.25,41.0,141,231,0,0,92,5874546.0,1958364.0,252.0,3391513.09790837,5875092.0,231.0,57.75,0.0,115.5,231.0,0.6808220927,4,4,55.8274115995,8192,97,0,0,0,1,0,0,0,80,1.0,5875250,0,0,5814249.0,839321.428571429,40.0,2193851.41025282,1.3616441854,92,60688.0,20333.6666666667,115.0,34947.902459709,61001.0,97.0,24.25,0.0,48.5,97.0,20,0.6808220927,4,4,0.0,0.0,0.0,0.0,231.0,36.4444444444,0.0,79.6996096463,6352.0277777778
0,0.0,0.0,0.0,0.0,241.0,6.666666667,140.5714286,211,964,0,0,92,1698034.0,566164.6667,21.0,980227.6187,1698494.0,964.0,241.0,0.0,482.0,964.0,2.355019135,4,4,579.3347071,8192,20,0,1,0,1,1,0,0,80,1.0,1698500,0,0,1698034.0,283083.3333,6.0,693181.4411,4.121283485,72,354.0,216.5,79.0,194.4543648,433.0,20.0,6.666666667,0.0,11.54700538,20.0,20,1.766264351,3,3,0.0,0.0,0.0,0.0,964.0,123.0,0.0,339.8873763,115523.4286
0,0.0,0.0,0.0,0.0,225.8571428571429,125.33333333333331,169.3125,62872,1581,0,0,152,1174981.0,504712.0,152164.0,447065.0216476346,3028272.0,1173.0,225.8571428571429,0.0,430.0986044197418,1581.0,2.2027623899090827,7,7,852.4690448948149,8192,1128,0,0,0,1,0,0,0,3389,0.0,3177828,0,0,953219.0,211855.20000000004,90.0,300029.1768245691,5.034885462649331,192,1155318.0,397228.5,33861.0,391868.6517557345,3177828.0,661.0,125.33333333333331,0.0,213.48302040209197,1128.0,20,2.832123072740249,9,9,0.0,0.0,0.0,0.0,1173.0,159.35294117647058,0.0,310.3705328265859,96329.86764705884
1,0.0,0.0,0.0,0.0,0.0,0.0,0.0,-1,0,0,0,0,0.0,0.0,0.0,0.0,0.0,0.0,0.0,0.0,0.0,0.0,0.0,0,0,0.0,279,0,0,0,0,0,0,0,0,80,0.0,54850359,0,0,54850359.0,54850359.0,54850359.0,0.0,0.0364628425,40,54850359.0,54850359.0,54850359.0,0.0,54850359.0,0.0,0.0,0.0,0.0,0.0,20,0.0364628425,2,2,0.0,0.0,0.0,0.0,0.0,0.0,0.0,0.0,0.0
1,0.0,0.0,0.0,0.0,0.0,10.333333333333334,7.75,0,0,0,0,20,0.0,0.0,0.0,0.0,0.0,0.0,0.0,0.0,0.0,0.0,13157.894736842103,1,1,407894.7368421052,1080,31,0,0,0,0,0,0,0,49589,0.0,76,0,0,40.0,25.33333333333333,2.0,20.428737928059416,52631.57894736842,60,74.0,38.0,2.0,50.91168824543142,76.0,31.0,10.333333333333332,0.0,17.8978583448784,31.0,20,39473.68421052631,3,3,0.0,0.0,0.0,0.0,31.0,6.2,0.0,13.863621460498695,192.2
0,0.0,0.0,0.0,0.0,148.0,61.0,119.75,-1,296,0,0,16,32.0,32.0,32.0,0.0,32.0,148.0,148.0,148.0,0.0,296.0,118.11256127089116,2,2,24685.52530561625,-1,122,0,0,0,0,0,0,0,53,1.0,16933,0,0,16119.0,5644.333333333334,32.0,9079.075191523272,236.22512254178235,16,16119.0,16119.0,16119.0,0.0,16119.0,61.0,61.0,61.0,0.0,122.0,8,118.11256127089116,2,2,0.0,0.0,0.0,0.0,148.0,95.8,61.0,47.65186250294945,2270.7
1,0.0,0.0,0.0,0.0,0.0,0.0,0.0,-1,0,0,0,0,0.0,0.0,0.0,0.0,0.0,0.0,0.0,0.0,0.0,0.0,0.0,0,0,0.0,32738,0,0,0,0,0,0,0,0,80,0.0,20867,0,0,20867.0,20867.0,20867.0,0.0,95.8451143,40,20867.0,20867.0,20867.0,0.0,20867.0,0.0,0.0,0.0,0.0,0.0,20,95.8451143,2,2,0.0,0.0,0.0,0.0,0.0,0.0,0.0,0.0,0.0
1,0.0,0.0,0.0,0.0,0.0,0.0,0.0,-1,0,0,0,0,0.0,0.0,0.0,0.0,0.0,0.0,0.0,0.0,0.0,0.0,0.0,0,0,0.0,225,0,0,0,0,0,0,0,0,80,0.0,60143,0,0,46803.0,30071.5,13340.0,23661.91422,49.88111667,96,46803.0,30071.5,13340.0,23661.91422,60143.0,0.0,0.0,0.0,0.0,0.0,32,49.88111667,3,3,0.0,0.0,0.0,0.0,0.0,0.0,0.0,0.0,0.0
0,0.0,0.0,0.0,0.0,168.0,187.0,181.5714286,32768,336,0,0,40,580.0,580.0,580.0,0.0,580.0,336.0,168.0,0.0,237.5878785,336.0,931.0986965,2,2,591713.2216,65535,935,0,1,0,1,1,0,0,59712,0.0,2148,0,0,1244.0,358.0,9.0,486.1958453,3258.845438,124,1244.0,537.0,9.0,607.1556637,2148.0,935.0,187.0,0.0,418.1447118,935.0,20,2327.746741,5,5,0.0,0.0,0.0,0.0,935.0,158.875,0.0,334.918087,112170.125
0,0.0,0.0,0.0,0.0,71.0,55.0,90.5,-1,71,0,0,20,0.0,0.0,0.0,0.0,0.0,71.0,71.0,71.0,0.0,71.0,42.23864836,1,1,5322.069694,-1,55,0,0,0,0,0,0,0,53,1.0,23675,0,0,23675.0,23675.0,23675.0,0.0,84.47729673,20,0.0,0.0,0.0,0.0,0.0,55.0,55.0,55.0,0.0,55.0,20,42.23864836,1,1,0.0,0.0,0.0,0.0,71.0,60.33333333,55.0,9.237604307,85.33333333
0,0.0,0.0,0.0,0.0,233.75,82.33333333,168.8571429,219,935,0,0,92,986.0,414.6666667,26.0,505.3962142,1244.0,935.0,233.75,0.0,467.5,935.0,3189.792663,4,4,942583.7321,65535,247,0,1,0,1,1,0,0,80,1.0,1254,0,0,510.0,209.0,9.0,232.7161361,5582.137161,72,510.0,493.5,477.0,23.33452378,987.0,247.0,82.33333333,0.0,142.6055165,247.0,20,2392.344498,3,3,0.0,0.0,0.0,0.0,935.0,147.75,0.0,329.6304208,108656.2143
0,4153981.0,3360150.0,2566319.0,1122646.5664322,697.5706806283,136.7234042553,512.5894736842,300,133236,0,0,3832,45278034.0,522099.252631579,0.0,4609626.9471314,99198858.0,1430.0,697.5706806283,0.0,678.9847405301,133236.0,1.9235756544,191,191,1471.2634565573,8192,12852,0,0,0,1,0,0,0,443,2.0,99294249,0,0,45182067.0,349627.637323944,0.0,3766607.18694337,2.8702568665,1892,45317465.0,1067511.74193548,37.0,6568261.90846556,99278592.0,758.0,136.7234042553,0.0,217.7962155074,12852.0,20,0.9466812121,94,94,45182067.0,44973789.5,44765512.0,294548.865237162,1430.0,510.7972027972,0.0,627.1144729934,393272.562237762
0,0.0,0.0,0.0,0.0,87.0,35.0,69.75,-1,174,0,0,16,22011.0,22011.0,22011.0,0.0,22011.0,87.0,87.0,87.0,0.0,174.0,32.65359434439746,2,2,3983.73851001649,-1,70,0,0,0,0,0,0,0,53,1.0,61249,0,0,39238.0,20416.333333333336,340.0,19479.32859041433,65.30718868879492,16,60909.0,60909.0,60909.0,0.0,60909.0,35.0,35.0,35.0,0.0,70.0,8,32.65359434439746,2,2,0.0,0.0,0.0,0.0,87.0,55.8,35.0,28.481572990268635,811.1999999999999
1,34949.0,34882.0,34815.0,94.752308679,41.0,20.5,31.8888888889,144,123,0,0,96,59001209.0,59001191.5,59001174.0,24.7487373415,118002383.0,41.0,41.0,41.0,0.0,123.0,0.0254156854,3,3,2.0840862024,417,123,0,0,0,0,0,1,0,443,0.0,118037344,1,0,58966393.0,14754668.0,30.0,27288069.5316579,0.0762470562,192,58966393.0,23607468.8,34808.0,32278127.599045,118037344.0,41.0,20.5,0.0,22.4566248577,123.0,32,0.0508313708,6,6,58966393.0,58966386.0,58966379.0,9.8994949366,41.0,28.7,0.0,19.8048815531,392.2333333333
0,0.0,0.0,0.0,0.0,225.8571428571429,143.5,181.9333333333333,62852,1581,0,0,148,953399.0,274032.1666666666,71345.0,339864.2912942851,1644193.0,1173.0,225.8571428571429,0.0,430.0986044197418,1581.0,4.087691493747584,7,7,1593.6157266338794,8192,1148,0,0,0,1,0,0,0,3389,0.0,1712458,0,0,953399.0,122318.42857142858,50.0,249559.26198298973,8.759338915173394,168,1083911.0,244636.8571428572,92.0,378459.2053808128,1712458.0,677.0,143.5,0.0,228.12966237897004,1148.0,20,4.67164742142581,8,8,0.0,0.0,0.0,0.0,1173.0,170.56250000000003,0.0,319.4332415909987,102037.59583333335
0,0.0,0.0,0.0,0.0,78.0,31.0,70.0,-1,78,0,0,8,0.0,0.0,0.0,0.0,0.0,78.0,78.0,78.0,0.0,78.0,692.5207756232687,1,1,75484.76454293629,-1,31,0,0,0,0,0,0,0,53,1.0,1444,0,0,1444.0,1444.0,1444.0,0.0,1385.0415512465374,8,0.0,0.0,0.0,0.0,0.0,31.0,31.0,31.0,0.0,31.0,8,692.5207756232687,1,1,0.0,0.0,0.0,0.0,78.0,46.66666666666666,31.0,27.13546265191241,736.3333333333333
0,0.0,0.0,0.0,0.0,125.0,40.0,102.5,-1,125,0,0,8,0.0,0.0,0.0,0.0,0.0,125.0,125.0,125.0,0.0,125.0,1138.9521640091116,1,1,187927.10706150343,-1,40,0,0,0,0,0,0,0,53,1.0,878,0,0,878.0,878.0,878.0,0.0,2277.904328018223,8,0.0,0.0,0.0,0.0,0.0,40.0,40.0,40.0,0.0,40.0,8,1138.9521640091116,1,1,0.0,0.0,0.0,0.0,125.0,68.33333333333333,40.0,49.074772881118186,2408.333333333333
1,0.0,0.0,0.0,0.0,0.0,0.0,0.0,-1,0,0,0,0,0.0,0.0,0.0,0.0,0.0,0.0,0.0,0.0,0.0,0.0,0.0,0,0,0.0,256,0,0,0,0,0,0,0,0,57836,0.0,33,0,0,33.0,33.0,33.0,0.0,60606.0606060606,40,33.0,33.0,33.0,0.0,33.0,0.0,0.0,0.0,0.0,0.0,20,60606.0606060606,2,2,0.0,0.0,0.0,0.0,0.0,0.0,0.0,0.0,0.0
0,0.0,0.0,0.0,0.0,225.8571428571,141.0,180.6,62872,1581,0,0,152,953425.0,280458.666666667,128361.0,330429.510733328,1682752.0,1173.0,225.8571428571,0.0,430.0986044197,1581.0,3.867309303,7,7,1496.6487002526,8192,1128,0,0,0,1,0,0,0,3389,0.0,1810044,0,0,953425.0,129288.857142857,90.0,245091.956766265,8.2870913635,172,1141443.0,258577.714285714,7861.0,392100.241124517,1810044.0,661.0,141.0,0.0,222.62332056,1128.0,20,4.4197820605,8,8,0.0,0.0,0.0,0.0,1173.0,169.3125,0.0,317.7312740352,100953.1625
1,0.0,0.0,0.0,0.0,0.0,0.0,0.0,-1,0,0,0,0,0.0,0.0,0.0,0.0,0.0,0.0,0.0,0.0,0.0,0.0,0.0,0,0,0.0,31418,0,0,0,0,0,0,0,0,54512,0.0,52847,0,0,52847.0,52847.0,52847.0,0.0,37.84510000567677,40,52847.0,52847.0,52847.0,0.0,52847.0,0.0,0.0,0.0,0.0,0.0,20,37.84510000567677,2,2,0.0,0.0,0.0,0.0,0.0,0.0,0.0,0.0,0.0
0,0.0,0.0,0.0,0.0,133.0,46.0,112.5,-1,133,0,0,8,0.0,0.0,0.0,0.0,0.0,133.0,133.0,133.0,0.0,133.0,1102.5358324145534,1,1,197353.91400220507,-1,46,0,0,0,0,0,0,0,53,1.0,907,0,0,907.0,907.0,907.0,0.0,2205.071664829107,8,0.0,0.0,0.0,0.0,0.0,46.0,46.0,46.0,0.0,46.0,8,1102.5358324145534,1,1,0.0,0.0,0.0,0.0,133.0,75.0,46.0,50.22947341949744,2523.0
0,0.0,0.0,0.0,0.0,56.0,40.0,58.0,-1,112,0,0,16,22330.0,22330.0,22330.0,0.0,22330.0,56.0,56.0,56.0,0.0,112.0,87.3133676766,2,2,8382.0832969528,-1,80,0,0,0,0,0,0,0,53,1.0,22906,0,0,21203.0,7635.3333333333,576.0,11753.1733728952,174.6267353532,16,21779.0,21779.0,21779.0,0.0,21779.0,40.0,40.0,40.0,0.0,80.0,8,87.3133676766,2,2,0.0,0.0,0.0,0.0,56.0,46.4,40.0,8.7635609201,76.8
0,0.0,0.0,0.0,0.0,241.0,6.666666667,140.5714286,211,964,0,0,92,800424.0,267327.3333,25.0,461675.8717,801982.0,964.0,241.0,0.0,482.0,964.0,4.987593362,4,4,1226.947967,8192,20,0,1,0,1,1,0,0,80,1.0,801990,0,0,800424.0,133665.0,7.0,326644.1924,8.728288383,72,1205.0,767.0,329.0,619.4255403,1534.0,20.0,6.666666667,0.0,11.54700538,20.0,20,3.740695021,3,3,0.0,0.0,0.0,0.0,964.0,123.0,0.0,339.8873763,115523.4286
0,0.0,0.0,0.0,0.0,204.14285714285717,105.2,145.94117647058823,62948,1429,0,0,152,953129.0,411105.1666666667,134633.0,360127.4798075907,2466631.0,1149.0,204.1428571428571,0.0,420.4990798925441,1429.0,2.6830223710405297,7,7,950.9397860787934,8192,1052,0,1,0,1,1,0,0,3389,0.0,2608998,0,0,953129.0,163062.375,68.0,257232.17397696708,6.515911472527001,212,1146360.0,289888.6666666667,68.0,361641.8652582967,2608998.0,581.0,105.2,0.0,181.84291144953775,1052.0,20,3.832889101486471,10,10,0.0,0.0,0.0,0.0,1149.0,137.83333333333334,0.0,288.9071192085992,83467.32352941175
1,0.0,0.0,0.0,0.0,0.0,0.0,0.0,-1,0,0,0,0,0.0,0.0,0.0,0.0,0.0,0.0,0.0,0.0,0.0,0.0,0.0,0,0,0.0,225,0,0,0,0,0,0,0,0,80,0.0,10721,0,0,10721.0,10721.0,10721.0,0.0,186.5497621,64,10721.0,10721.0,10721.0,0.0,10721.0,0.0,0.0,0.0,0.0,0.0,32,186.5497621,2,2,0.0,0.0,0.0,0.0,0.0,0.0,0.0,0.0,0.0
1,0.0,0.0,0.0,0.0,0.0,25.666666666666668,41.0,-1,0,0,0,0,0.0,0.0,0.0,0.0,0.0,0.0,0.0,0.0,0.0,0.0,0.0,0,0,315573.7704918033,251,77,0,0,0,0,0,1,0,443,0.0,244,1,0,226.0,122.0,18.0,147.07821048680188,12295.081967213117,60,226.0,122.0,18.0,147.07821048680188,244.0,46.0,25.666666666666664,0.0,23.45918441321721,77.0,20,12295.081967213117,3,3,0.0,0.0,0.0,0.0,46.0,30.75,0.0,21.68524844220144,470.25
0,0.0,0.0,0.0,0.0,243.0,115.5,179.25,219,972,0,0,136,5002854.0,1699302.33333333,932.0,2861339.06732186,5097907.0,972.0,243.0,0.0,486.0,972.0,0.7846351182,4,4,281.2916898706,26883,462,0,0,0,1,0,0,0,80,1.0,5097911,0,0,5002540.0,728273.0,4.0,1885099.2400368,1.5692702364,136,94441.0,31790.3333333333,287.0,54257.3608769661,95371.0,462.0,115.5,0.0,231.0,462.0,32,0.7846351182,4,4,0.0,0.0,0.0,0.0,972.0,159.3333333333,0.0,340.907612118,116218.0
